cpu;ram;disco;temp
1398.9;1.5;3.2;45.0
839.5;1.5;3.2;46.0
799.8;1.5;3.2;46.0
792.3;1.5;3.2;46.0
992.1;1.5;3.2;46.0
899.2;1.5;3.2;46.0
790.4;1.5;3.2;46.0
794.4;1.5;3.2;46.0
1322.1;1.6;3.2;46.0
983.0;1.6;3.2;44.0
1149.2;1.6;3.2;44.0
845.5;1.6;3.2;44.0
799.5;1.6;3.2;44.0
724.2;1.6;3.2;44.0
966.1;1.6;3.2;44.0
789.9;1.6;3.2;44.0
806.5;1.6;3.2;44.0
899.2;1.6;3.2;43.0
810.7;1.6;3.2;43.0
783.8;1.6;3.2;43.0
922.1;1.6;3.2;43.0
918.1;1.6;3.2;43.0
899.3;1.6;3.2;43.0
816.2;1.6;3.2;43.0
801.7;1.6;3.2;43.0
899.3;1.6;3.2;43.0
780.5;1.6;3.2;43.0
805.2;1.6;3.2;43.0
792.9;1.5;3.2;43.0
899.3;1.5;3.2;43.0
899.3;1.5;3.2;43.0
789.2;1.5;3.2;43.0
899.2;1.5;3.2;43.0
815.2;1.5;3.2;43.0
803.3;1.5;3.2;43.0
905.9;1.5;3.2;43.0
890.0;1.5;3.2;42.0
946.6;1.5;3.2;42.0
787.2;1.5;3.2;42.0
897.9;1.5;3.2;42.0
1622.7;1.5;3.2;42.0
1142.1;1.6;3.2;42.0
1321.8;1.6;3.2;42.0
850.7;1.6;3.2;42.0
815.9;1.6;3.2;42.0
810.3;1.6;3.2;42.0
811.5;1.6;3.2;42.0
799.4;1.6;3.2;42.0
802.8;1.6;3.2;42.0
1016.1;1.6;3.2;42.0
899.3;1.5;3.2;42.0
899.4;1.5;3.2;42.0
790.7;1.5;3.2;42.0
1026.7;1.5;3.2;42.0
803.1;1.5;3.2;42.0
899.2;1.5;3.2;42.0
792.7;1.5;3.2;42.0
796.7;1.5;3.2;42.0
1396.6;1.5;3.2;42.0
1424.3;1.5;3.2;42.0
893.0;1.5;3.2;42.0
1099.7;1.5;3.2;42.0
1134.3;1.6;3.2;44.0
1120.5;1.6;3.2;44.0
1657.6;1.6;3.2;44.0
816.9;1.6;3.2;44.0
1445.0;1.6;3.2;44.0
997.4;1.6;3.2;44.0
1769.2;1.6;3.2;44.0
1102.8;1.6;3.2;44.0
818.6;1.6;3.2;43.0
1361.5;1.6;3.2;43.0
1895.4;1.6;3.2;43.0
1129.3;1.6;3.2;43.0
950.5;1.6;3.2;43.0
1226.0;1.6;3.2;43.0
927.1;1.6;3.2;43.0
925.7;1.6;3.2;43.0
899.3;1.6;3.2;43.0
1106.7;1.6;3.2;43.0
724.2;1.6;3.2;43.0
699.2;1.6;3.2;43.0
971.4;1.6;3.2;43.0
1099.0;1.6;3.2;43.0
973.8;1.6;3.2;43.0
824.2;1.6;3.2;43.0
825.6;1.6;3.2;43.0
1109.9;1.6;3.2;43.0
1455.0;1.6;3.2;43.0
1150.8;1.6;3.2;43.0
1019.8;1.6;3.2;43.0
1004.4;1.6;3.2;43.0
1030.6;1.6;3.2;43.0
1062.0;1.6;3.2;43.0
1214.4;1.6;3.2;44.0
1269.1;1.6;3.2;44.0
1346.0;1.6;3.2;44.0
1385.4;1.6;3.2;44.0
1274.1;1.6;3.2;44.0
1448.5;1.6;3.2;44.0
1212.1;1.6;3.2;44.0
941.3;1.6;3.2;45.0
1895.4;1.6;3.2;45.0
1895.4;1.6;3.2;45.0
1897.7;1.6;3.2;45.0
1622.5;1.6;3.2;45.0
743.9;1.6;3.2;45.0
817.8;1.6;3.2;45.0
829.5;1.6;3.2;45.0
808.1;1.6;3.2;43.0
806.0;1.6;3.2;43.0
1357.8;1.6;3.2;43.0
1173.3;1.6;3.2;43.0
1396.6;1.6;3.2;43.0
1836.5;1.6;3.2;43.0
1848.0;1.6;3.2;43.0
1082.3;1.6;3.2;43.0
884.9;1.6;3.2;43.0
1363.3;1.6;3.2;45.0
1759.0;1.6;3.2;45.0
1578.0;1.6;3.2;45.0
1210.3;1.6;3.2;45.0
1895.4;1.6;3.2;45.0
950.4;1.6;3.2;45.0
967.6;1.6;3.2;45.0
841.5;1.6;3.2;45.0
1758.1;1.6;3.2;45.0
1895.4;1.6;3.2;45.0
889.0;1.6;3.2;45.0
1097.3;1.6;3.2;45.0
1041.5;1.6;3.2;45.0
950.5;1.6;3.2;45.0
894.7;1.6;3.2;45.0
975.8;1.6;3.2;45.0
1023.9;1.6;3.2;45.0
1639.4;1.6;3.2;45.0
1492.3;1.6;3.2;45.0
909.7;1.6;3.2;45.0
921.0;1.6;3.2;45.0
1194.7;1.6;3.2;45.0
836.1;1.6;3.2;45.0
928.3;1.6;3.2;44.0
723.2;1.6;3.2;44.0
861.2;1.6;3.2;44.0
1044.1;1.6;3.2;44.0
946.7;1.6;3.2;44.0
1048.9;1.6;3.2;44.0
927.3;1.6;3.2;44.0
900.9;1.6;3.2;44.0
711.7;1.6;3.2;44.0
1400.5;1.6;3.2;44.0
1221.4;1.6;3.2;44.0
938.6;1.6;3.2;44.0
1408.6;1.6;3.2;44.0
850.6;1.6;3.2;44.0
836.6;1.6;3.2;44.0
998.6;1.6;3.2;44.0
1049.9;1.6;3.2;44.0
814.8;1.6;3.2;44.0
839.7;1.6;3.2;44.0
899.3;1.6;3.2;44.0
1832.2;1.6;3.2;44.0
1447.7;1.6;3.2;44.0
1802.5;1.6;3.2;49.0
1896.5;1.6;3.2;49.0
1738.0;1.6;3.2;49.0
934.6;1.6;3.2;49.0
854.3;1.6;3.2;49.0
815.8;1.6;3.2;49.0
1052.1;1.6;3.2;49.0
1264.5;1.6;3.2;45.0
1374.8;1.6;3.2;45.0
1036.2;1.6;3.2;45.0
1129.3;1.6;3.2;45.0
825.6;1.6;3.2;45.0
791.5;1.6;3.2;45.0
899.2;1.6;3.2;45.0
977.6;1.6;3.2;45.0
995.1;1.6;3.2;45.0
920.1;1.6;3.2;44.0
765.1;1.6;3.2;44.0
926.7;1.6;3.2;44.0
807.9;1.6;3.2;44.0
804.4;1.6;3.2;44.0
793.8;1.6;3.2;44.0
797.6;1.6;3.2;44.0
1036.1;1.6;3.2;44.0
1435.5;1.6;3.2;44.0
1895.4;1.6;3.2;44.0
1895.4;1.6;3.2;44.0
1896.6;1.6;3.2;44.0
1622.7;1.6;3.2;44.0
1897.7;1.6;3.2;44.0
1237.8;1.6;3.2;46.0
982.7;1.6;3.2;46.0
892.6;1.6;3.2;46.0
1024.2;1.6;3.2;46.0
789.3;1.6;3.2;46.0
1572.7;1.6;3.2;46.0
1236.7;1.6;3.2;46.0
977.2;1.6;3.2;46.0
917.6;1.6;3.2;46.0
1027.9;1.6;3.2;45.0
782.7;1.6;3.2;45.0
792.6;1.6;3.2;45.0
786.1;1.6;3.2;45.0
796.9;1.6;3.2;45.0
883.9;1.6;3.2;45.0
797.2;1.6;3.2;45.0
790.1;1.6;3.2;45.0
949.3;1.6;3.2;44.0
964.7;1.6;3.2;44.0
922.5;1.6;3.2;44.0
796.0;1.6;3.2;44.0
1696.6;1.6;3.2;44.0
909.5;1.6;3.2;44.0
1047.5;1.6;3.2;44.0
874.7;1.6;3.2;44.0
989.2;1.6;3.2;44.0
836.3;1.6;3.2;45.0
787.6;1.6;3.2;45.0
1149.1;1.6;3.2;45.0
830.0;1.6;3.2;45.0
800.8;1.6;3.2;45.0
814.0;1.6;3.2;45.0
947.4;1.6;3.2;45.0
1021.2;1.6;3.2;46.0
1180.7;1.6;3.2;46.0
1692.5;1.6;3.2;46.0
1874.1;1.6;3.2;46.0
1210.2;1.6;3.2;46.0
1218.2;1.6;3.2;46.0
828.2;1.6;3.2;46.0
913.7;1.6;3.2;46.0
957.0;1.6;3.2;44.0
791.6;1.6;3.2;44.0
899.3;1.6;3.2;44.0
901.1;1.6;3.2;44.0
1034.1;1.6;3.2;44.0
820.6;1.6;3.2;44.0
807.7;1.6;3.2;44.0
1061.8;1.6;3.2;44.0
899.2;1.6;3.2;43.0
865.6;1.6;3.2;43.0
1503.2;1.6;3.2;43.0
1203.2;1.6;3.2;43.0
1384.1;1.6;3.2;43.0
782.7;1.6;3.2;43.0
883.2;1.6;3.2;43.0
791.5;1.6;3.2;44.0
927.5;1.6;3.2;44.0
971.2;1.6;3.2;44.0
1328.7;1.6;3.2;44.0
863.5;1.6;3.2;44.0
1017.1;1.6;3.2;44.0
1696.9;1.6;3.2;44.0
818.5;1.6;3.2;44.0
789.3;1.6;3.2;44.0
1225.9;1.6;3.2;44.0
899.3;1.6;3.2;44.0
784.6;1.6;3.2;44.0
1019.8;1.6;3.2;44.0
1396.7;1.6;3.2;44.0
913.0;1.6;3.2;44.0
875.0;1.6;3.2;44.0
788.9;1.6;3.2;44.0
880.5;1.6;3.2;44.0
879.2;1.6;3.2;44.0
794.5;1.6;3.2;43.0
788.4;1.6;3.2;43.0
798.0;1.6;3.2;43.0
899.3;1.6;3.2;43.0
899.3;1.6;3.2;43.0
899.2;1.6;3.2;43.0
899.3;1.6;3.2;43.0
888.8;1.6;3.2;43.0
767.9;1.6;3.2;43.0
901.0;1.6;3.2;43.0
1010.2;1.6;3.2;43.0
825.5;1.6;3.2;43.0
924.2;1.6;3.2;43.0
763.1;1.6;3.2;43.0
901.9;1.6;3.2;43.0
805.0;1.6;3.2;44.0
880.9;1.6;3.2;44.0
785.0;1.6;3.2;44.0
1266.9;1.6;3.2;44.0
1042.5;1.6;3.2;44.0
1132.4;1.6;3.2;44.0
1233.2;1.6;3.2;44.0
1810.0;1.6;3.2;48.0
1062.4;1.6;3.2;48.0
949.8;1.6;3.2;48.0
838.5;1.6;3.2;48.0
790.2;1.6;3.2;48.0
899.2;1.6;3.2;48.0
697.9;1.6;3.2;48.0
1053.7;1.6;3.2;48.0
845.7;1.6;3.2;45.0
917.5;1.6;3.2;45.0
1527.6;1.6;3.2;45.0
1572.7;1.6;3.2;45.0
832.1;1.6;3.2;45.0
894.0;1.6;3.2;45.0
800.0;1.6;3.2;45.0
982.7;1.6;3.2;45.0
1191.8;1.6;3.2;46.0
816.7;1.6;3.2;46.0
894.4;1.6;3.2;46.0
776.3;1.6;3.2;46.0
706.6;1.6;3.2;46.0
679.0;1.6;3.2;46.0
797.7;1.6;3.2;46.0
786.3;1.6;3.2;46.0
890.2;1.6;3.2;44.0
792.3;1.6;3.2;44.0
799.8;1.6;3.2;44.0
1180.5;1.6;3.2;44.0
800.4;1.6;3.2;44.0
945.9;1.6;3.2;44.0
992.3;1.6;3.2;44.0
891.6;1.6;3.2;44.0
923.4;1.6;3.2;44.0
809.7;1.6;3.2;44.0
884.0;1.6;3.2;44.0
1034.9;1.6;3.2;44.0
793.1;1.6;3.2;44.0
825.6;1.6;3.2;44.0
899.2;1.6;3.2;44.0
894.1;1.6;3.2;44.0
912.1;1.6;3.2;44.0
798.9;1.6;3.2;44.0
1016.0;1.6;3.2;44.0
1735.0;1.6;3.2;44.0
1119.1;1.6;3.2;44.0
807.5;1.6;3.2;44.0
782.5;1.6;3.2;45.0
943.8;1.6;3.2;45.0
811.3;1.6;3.2;45.0
899.3;1.6;3.2;45.0
984.5;1.6;3.2;45.0
880.2;1.6;3.2;45.0
1213.5;1.6;3.2;45.0
1098.5;1.6;3.2;45.0
704.8;1.6;3.2;44.0
776.3;1.6;3.2;44.0
795.0;1.6;3.2;44.0
799.7;1.6;3.2;44.0
804.3;1.6;3.2;44.0
797.1;1.6;3.2;44.0
899.2;1.6;3.2;44.0
949.2;1.6;3.2;43.0
873.0;1.6;3.2;43.0
899.3;1.6;3.2;43.0
899.2;1.6;3.2;43.0
902.8;1.6;3.2;43.0
916.7;1.6;3.2;43.0
806.0;1.6;3.2;43.0
829.3;1.6;3.2;43.0
815.7;1.6;3.2;43.0
597.7;1.6;3.2;43.0
1113.5;1.6;3.2;43.0
898.2;1.6;3.2;43.0
923.9;1.6;3.2;43.0
786.7;1.6;3.2;43.0
811.8;1.6;3.2;43.0
811.1;1.6;3.2;43.0
795.2;1.6;3.2;43.0
899.3;1.6;3.2;43.0
809.5;1.6;3.2;43.0
899.2;1.6;3.2;43.0
899.2;1.6;3.2;43.0
909.5;1.6;3.2;43.0
931.3;1.6;3.2;43.0
899.3;1.6;3.2;43.0
805.2;1.6;3.2;43.0
1003.4;1.6;3.2;43.0
808.9;1.6;3.2;43.0
1001.4;1.6;3.2;43.0
899.3;1.6;3.2;43.0
798.1;1.6;3.2;43.0
899.3;1.6;3.2;43.0
899.3;1.6;3.2;43.0
795.2;1.6;3.2;43.0
827.3;1.6;3.2;43.0
790.0;1.6;3.2;43.0
899.3;1.6;3.2;42.0
787.5;1.6;3.2;42.0
899.3;1.6;3.2;42.0
899.2;1.6;3.2;42.0
727.4;1.6;3.2;42.0
787.4;1.6;3.2;42.0
699.3;1.6;3.2;42.0
812.3;1.6;3.2;42.0
924.3;1.6;3.2;42.0
808.3;1.6;3.2;42.0
796.4;1.6;3.2;42.0
1878.1;1.6;3.2;42.0
840.2;1.6;3.2;42.0
825.2;1.6;3.2;42.0
1186.0;1.6;3.2;44.0
800.8;1.6;3.2;44.0
899.3;1.6;3.2;44.0
789.3;1.6;3.2;44.0
899.3;1.6;3.2;44.0
788.8;1.6;3.2;44.0
791.9;1.6;3.2;44.0
944.1;1.6;3.2;44.0
787.6;1.6;3.2;42.0
801.7;1.6;3.2;42.0
983.2;1.6;3.2;42.0
992.5;1.6;3.2;42.0
793.2;1.6;3.2;42.0
899.3;1.6;3.2;42.0
897.7;1.6;3.2;42.0
966.1;1.6;3.2;42.0
811.1;1.6;3.2;42.0
798.6;1.6;3.2;42.0
898.7;1.6;3.2;42.0
899.3;1.6;3.2;42.0
809.8;1.6;3.2;42.0
1020.4;1.6;3.2;42.0
933.1;1.6;3.2;42.0
809.1;1.6;3.2;42.0
899.3;1.6;3.2;42.0
822.4;1.6;3.2;42.0
1099.3;1.6;3.2;42.0
874.5;1.6;3.2;42.0
899.2;1.6;3.2;42.0
798.6;1.6;3.2;42.0
901.5;1.6;3.2;42.0
801.8;1.6;3.2;42.0
805.3;1.6;3.2;42.0
791.2;1.6;3.2;42.0
810.3;1.6;3.2;42.0
793.8;1.6;3.2;42.0
899.3;1.6;3.2;42.0
802.2;1.6;3.2;42.0
801.1;1.6;3.2;42.0
789.3;1.6;3.2;42.0
801.8;1.6;3.2;42.0
808.0;1.6;3.2;42.0
791.4;1.6;3.2;42.0
816.9;1.6;3.2;42.0
899.2;1.6;3.2;42.0
899.3;1.6;3.2;42.0
901.3;1.6;3.2;42.0
1000.3;1.6;3.2;42.0
990.1;1.6;3.2;42.0
813.4;1.6;3.2;42.0
917.6;1.6;3.2;42.0
791.5;1.6;3.2;42.0
810.4;1.6;3.2;42.0
797.1;1.6;3.2;42.0
899.3;1.6;3.2;42.0
791.7;1.6;3.2;42.0
793.6;1.6;3.2;42.0
899.3;1.6;3.2;42.0
805.1;1.6;3.2;42.0
995.8;1.6;3.2;42.0
933.9;1.6;3.2;42.0
906.0;1.6;3.2;42.0
792.1;1.6;3.2;42.0
791.5;1.6;3.2;42.0
786.1;1.6;3.2;42.0
817.8;1.6;3.2;42.0
790.2;1.6;3.2;42.0
804.2;1.6;3.2;42.0
899.3;1.6;3.2;42.0
899.2;1.6;3.2;42.0
899.2;1.6;3.2;42.0
899.3;1.6;3.2;42.0
789.2;1.6;3.2;42.0
882.6;1.6;3.2;42.0
899.3;1.6;3.2;42.0
810.5;1.6;3.2;42.0
806.7;1.6;3.2;42.0
786.0;1.6;3.2;42.0
899.3;1.6;3.2;42.0
1099.3;1.6;3.2;42.0
899.3;1.6;3.2;42.0
790.7;1.6;3.2;41.0
1226.9;1.6;3.2;41.0
907.1;1.6;3.2;41.0
836.9;1.6;3.2;41.0
1144.3;1.6;3.2;41.0
1026.5;1.6;3.2;41.0
1895.4;1.6;3.2;41.0
1038.5;1.6;3.2;44.0
1016.4;1.6;3.2;44.0
775.3;1.6;3.2;44.0
792.5;1.6;3.2;44.0
872.4;1.6;3.2;44.0
1110.0;1.6;3.2;44.0
1494.8;1.6;3.2;44.0
1047.0;1.6;3.2;43.0
1623.1;1.6;3.2;43.0
1196.1;1.6;3.2;43.0
1084.0;1.6;3.2;43.0
1477.0;1.6;3.2;43.0
1647.6;1.6;3.2;43.0
906.1;1.6;3.2;43.0
869.5;1.6;3.2;43.0
1186.7;1.6;3.2;43.0
808.0;1.6;3.2;43.0
786.1;1.6;3.2;43.0
820.6;1.6;3.2;43.0
790.6;1.6;3.2;43.0
1097.7;1.6;3.2;43.0
1141.9;1.6;3.2;43.0
1790.9;1.6;3.2;46.0
1202.1;1.6;3.2;46.0
781.8;1.6;3.2;46.0
835.0;1.6;3.2;46.0
916.0;1.6;3.2;46.0
699.2;1.6;3.2;46.0
970.5;1.6;3.2;46.0
1046.3;1.6;3.2;43.0
790.9;1.6;3.2;43.0
786.2;1.6;3.2;43.0
899.2;1.6;3.2;43.0
696.8;1.6;3.2;43.0
808.7;1.6;3.2;43.0
895.6;1.6;3.2;43.0
899.3;1.6;3.2;43.0
949.2;1.6;3.2;43.0
791.7;1.6;3.2;43.0
996.0;1.6;3.2;43.0
899.2;1.6;3.2;43.0
949.2;1.6;3.2;43.0
864.2;1.6;3.2;43.0
786.8;1.6;3.2;43.0
885.3;1.6;3.2;43.0
949.2;1.6;3.2;43.0
795.9;1.6;3.2;43.0
943.9;1.6;3.2;43.0
784.0;1.6;3.2;43.0
905.3;1.6;3.2;43.0
765.8;1.6;3.2;42.0
787.9;1.6;3.2;42.0
786.1;1.6;3.2;42.0
799.7;1.6;3.2;42.0
778.3;1.6;3.2;42.0
997.2;1.6;3.2;42.0
793.4;1.6;3.2;42.0
795.7;1.6;3.2;42.0
1174.2;1.6;3.2;43.0
809.8;1.6;3.2;43.0
790.2;1.6;3.2;43.0
963.4;1.6;3.2;43.0
999.1;1.6;3.2;43.0
807.8;1.6;3.2;43.0
792.4;1.6;3.2;43.0
799.6;1.6;3.2;43.0
899.3;1.6;3.2;42.0
1001.6;1.6;3.2;42.0
679.4;1.6;3.2;42.0
911.0;1.6;3.2;42.0
949.2;1.6;3.2;42.0
971.0;1.6;3.2;42.0
995.0;1.6;3.2;42.0
802.6;1.6;3.2;42.0
922.4;1.6;3.2;42.0
898.6;1.6;3.2;42.0
803.1;1.6;3.2;42.0
803.6;1.6;3.2;42.0
788.5;1.6;3.2;42.0
899.2;1.6;3.2;42.0
992.8;1.6;3.2;42.0
1000.0;1.6;3.2;42.0
805.9;1.6;3.2;42.0
825.4;1.6;3.2;42.0
793.9;1.6;3.2;42.0
792.2;1.6;3.2;42.0
899.3;1.6;3.2;42.0
809.5;1.6;3.2;42.0
795.8;1.6;3.2;42.0
805.1;1.6;3.2;42.0
794.0;1.6;3.2;42.0
993.9;1.6;3.2;42.0
899.2;1.6;3.2;42.0
790.9;1.6;3.2;42.0
794.1;1.6;3.2;42.0
803.7;1.6;3.2;42.0
899.3;1.6;3.2;42.0
888.1;1.6;3.2;42.0
788.1;1.6;3.2;42.0
899.3;1.6;3.2;42.0
899.3;1.6;3.2;42.0
898.3;1.6;3.2;42.0
899.3;1.6;3.2;42.0
786.7;1.6;3.2;42.0
816.7;1.6;3.2;42.0
899.3;1.6;3.2;42.0
1024.7;1.6;3.2;42.0
721.8;1.6;3.2;42.0
899.3;1.6;3.2;42.0
899.3;1.6;3.2;42.0
739.8;1.6;3.2;42.0
797.5;1.6;3.2;42.0
791.5;1.6;3.2;42.0
793.4;1.6;3.2;42.0
909.0;1.6;3.2;42.0
799.4;1.6;3.2;42.0
820.8;1.6;3.2;42.0
836.9;1.6;3.2;42.0
743.6;1.6;3.2;42.0
798.6;1.6;3.2;42.0
1034.1;1.6;3.2;42.0
822.8;1.6;3.2;42.0
800.1;1.6;3.2;41.0
897.6;1.6;3.2;41.0
808.0;1.6;3.2;41.0
790.8;1.6;3.2;41.0
796.2;1.6;3.2;41.0
899.3;1.6;3.2;41.0
1002.7;1.6;3.2;41.0
899.3;1.6;3.2;41.0
1098.5;1.6;3.2;41.0
872.6;1.6;3.2;41.0
774.0;1.6;3.2;41.0
849.4;1.6;3.2;41.0
787.8;1.6;3.2;41.0
892.2;1.6;3.2;41.0
899.3;1.6;3.2;42.0
899.4;1.6;3.2;42.0
946.1;1.6;3.2;42.0
1012.8;1.6;3.2;42.0
815.4;1.6;3.2;42.0
833.4;1.6;3.2;42.0
783.8;1.6;3.2;42.0
997.9;1.6;3.2;42.0
798.0;1.6;3.2;42.0
802.1;1.6;3.2;42.0
899.2;1.6;3.2;42.0
826.4;1.6;3.2;42.0
927.7;1.6;3.2;42.0
899.3;1.6;3.2;42.0
779.9;1.6;3.2;42.0
713.9;1.6;3.2;42.0
979.1;1.6;3.2;42.0
899.2;1.6;3.2;42.0
896.4;1.6;3.2;42.0
820.9;1.6;3.2;42.0
798.7;1.6;3.2;41.0
899.2;1.6;3.2;41.0
783.3;1.6;3.2;41.0
824.8;1.6;3.2;41.0
1016.6;1.6;3.2;41.0
813.4;1.6;3.2;41.0
793.3;1.6;3.2;42.0
810.8;1.6;3.2;42.0
1006.5;1.6;3.2;42.0
805.6;1.6;3.2;42.0
899.3;1.6;3.2;42.0
899.3;1.6;3.2;42.0
800.3;1.6;3.2;42.0
943.1;1.6;3.2;41.0
899.2;1.6;3.2;41.0
810.8;1.6;3.2;41.0
1032.2;1.6;3.2;41.0
806.5;1.6;3.2;41.0
1013.6;1.6;3.2;41.0
625.4;1.6;3.2;41.0
899.3;1.6;3.2;41.0
801.4;1.6;3.2;41.0
797.0;1.6;3.2;41.0
899.3;1.6;3.2;41.0
713.2;1.6;3.2;41.0
766.3;1.6;3.2;41.0
801.7;1.6;3.2;41.0
808.0;1.6;3.2;41.0
899.2;1.6;3.2;42.0
801.1;1.6;3.2;42.0
807.1;1.6;3.2;42.0
794.2;1.6;3.2;42.0
1089.0;1.6;3.2;42.0
915.5;1.6;3.2;41.0
1016.4;1.6;3.2;41.0
820.1;1.6;3.2;41.0
977.0;1.6;3.2;41.0
899.3;1.6;3.2;41.0
892.5;1.6;3.2;41.0
899.3;1.6;3.2;41.0
814.3;1.6;3.2;41.0
815.6;1.6;3.2;41.0
899.2;1.6;3.2;41.0
1022.4;1.6;3.2;41.0
800.1;1.6;3.2;41.0
951.8;1.6;3.2;41.0
899.2;1.6;3.2;41.0
815.7;1.6;3.2;41.0
712.0;1.6;3.2;41.0
899.3;1.6;3.2;41.0
811.4;1.6;3.2;41.0
699.3;1.6;3.2;41.0
811.6;1.6;3.2;41.0
811.4;1.6;3.2;41.0
953.0;1.6;3.2;41.0
810.0;1.6;3.2;41.0
840.2;1.6;3.2;41.0
788.0;1.6;3.2;41.0
790.5;1.6;3.2;41.0
821.2;1.6;3.2;41.0
899.2;1.6;3.2;41.0
787.5;1.6;3.2;41.0
798.8;1.6;3.2;41.0
699.3;1.6;3.2;41.0
809.2;1.6;3.2;41.0
707.5;1.6;3.2;41.0
814.2;1.6;3.2;41.0
843.4;1.6;3.2;41.0
795.9;1.6;3.2;41.0
929.5;1.6;3.2;41.0
899.3;1.6;3.2;41.0
895.8;1.6;3.2;41.0
832.5;1.6;3.2;41.0
856.8;1.6;3.2;41.0
983.8;1.6;3.2;41.0
812.4;1.6;3.2;41.0
896.2;1.6;3.2;41.0
797.7;1.6;3.2;41.0
783.2;1.6;3.2;41.0
798.6;1.6;3.2;41.0
797.2;1.6;3.2;41.0
899.3;1.6;3.2;41.0
797.7;1.6;3.2;41.0
1149.2;1.6;3.2;41.0
932.6;1.6;3.2;41.0
809.9;1.6;3.2;41.0
916.1;1.6;3.2;41.0
899.3;1.6;3.2;41.0
805.3;1.6;3.2;41.0
828.3;1.6;3.2;41.0
825.1;1.6;3.2;41.0
795.7;1.6;3.2;41.0
795.4;1.6;3.2;41.0
899.2;1.6;3.2;41.0
899.3;1.6;3.2;41.0
800.6;1.6;3.2;41.0
704.2;1.6;3.2;41.0
793.8;1.6;3.2;41.0
788.3;1.6;3.2;41.0
988.4;1.6;3.2;41.0
813.2;1.6;3.2;41.0
731.8;1.6;3.2;41.0
899.3;1.6;3.2;41.0
899.2;1.6;3.2;41.0
716.3;1.6;3.2;41.0
804.6;1.6;3.2;41.0
791.9;1.6;3.2;41.0
1045.1;1.6;3.2;41.0
782.8;1.6;3.2;41.0
928.4;1.6;3.2;41.0
899.3;1.6;3.2;41.0
1019.2;1.6;3.2;41.0
925.2;1.6;3.2;41.0
827.2;1.6;3.2;41.0
813.3;1.6;3.2;41.0
800.4;1.6;3.2;41.0
899.2;1.6;3.2;41.0
796.8;1.6;3.2;41.0
803.3;1.6;3.2;41.0
899.2;1.6;3.2;41.0
633.9;1.6;3.2;41.0
794.6;1.6;3.2;41.0
811.7;1.6;3.2;41.0
1098.5;1.6;3.2;41.0
905.4;1.6;3.2;41.0
859.6;1.6;3.2;41.0
933.2;1.6;3.2;41.0
921.0;1.6;3.2;41.0
825.3;1.6;3.2;41.0
793.2;1.6;3.2;41.0
803.0;1.6;3.2;41.0
899.2;1.6;3.2;41.0
899.2;1.6;3.2;41.0
803.2;1.6;3.2;41.0
928.2;1.6;3.2;41.0
808.7;1.6;3.2;41.0
808.4;1.6;3.2;41.0
799.3;1.6;3.2;41.0
996.5;1.6;3.2;41.0
795.2;1.6;3.2;41.0
787.3;1.6;3.2;41.0
899.2;1.6;3.2;41.0
1099.3;1.6;3.2;41.0
927.6;1.6;3.2;41.0
901.9;1.6;3.2;41.0
1387.8;1.6;3.2;41.0
757.9;1.6;3.2;41.0
816.7;1.6;3.2;41.0
923.7;1.6;3.2;41.0
828.1;1.6;3.2;41.0
949.2;1.6;3.2;41.0
899.2;1.6;3.2;41.0
785.8;1.6;3.2;41.0
996.7;1.6;3.2;41.0
1298.6;1.6;3.2;41.0
784.1;1.6;3.2;41.0
839.9;1.6;3.2;41.0
899.3;1.6;3.2;41.0
610.9;1.6;3.2;41.0
728.6;1.6;3.2;41.0
785.6;1.6;3.2;41.0
833.6;1.6;3.2;41.0
835.8;1.6;3.2;41.0
854.1;1.6;3.2;41.0
1004.9;1.6;3.2;41.0
891.3;1.6;3.2;41.0
844.6;1.6;3.2;41.0
1000.0;1.6;3.2;41.0
819.0;1.6;3.2;41.0
793.8;1.6;3.2;41.0
1000.6;1.6;3.2;41.0
915.6;1.6;3.2;41.0
935.3;1.6;3.2;41.0
899.2;1.6;3.2;41.0
795.6;1.6;3.2;41.0
629.5;1.6;3.2;41.0
799.5;1.6;3.2;41.0
1098.5;1.6;3.2;41.0
742.7;1.6;3.2;41.0
999.2;1.6;3.2;41.0
942.6;1.6;3.2;41.0
1003.7;1.6;3.2;41.0
795.6;1.6;3.2;41.0
816.0;1.6;3.2;41.0
899.2;1.6;3.2;41.0
847.6;1.6;3.2;41.0
899.2;1.6;3.2;41.0
796.9;1.6;3.2;41.0
932.6;1.6;3.2;41.0
908.2;1.6;3.2;41.0
899.3;1.6;3.2;41.0
799.9;1.6;3.2;41.0
899.3;1.6;3.2;41.0
788.7;1.6;3.2;41.0
795.5;1.6;3.2;41.0
681.8;1.6;3.2;41.0
899.3;1.6;3.2;41.0
898.5;1.6;3.2;41.0
851.9;1.6;3.2;41.0
935.6;1.6;3.2;41.0
925.3;1.6;3.2;41.0
803.5;1.6;3.2;41.0
810.7;1.6;3.2;41.0
731.9;1.6;3.2;41.0
912.7;1.6;3.2;41.0
801.7;1.6;3.2;41.0
799.0;1.6;3.2;41.0
806.2;1.6;3.2;41.0
917.7;1.6;3.2;41.0
899.3;1.6;3.2;41.0
810.1;1.6;3.2;41.0
902.3;1.6;3.2;41.0
899.2;1.6;3.2;41.0
783.7;1.6;3.2;41.0
901.0;1.6;3.2;41.0
825.0;1.6;3.2;41.0
827.2;1.6;3.2;41.0
915.2;1.6;3.2;41.0
826.3;1.6;3.2;41.0
895.1;1.6;3.2;41.0
791.4;1.6;3.2;41.0
794.0;1.6;3.2;41.0
1099.3;1.6;3.2;41.0
807.8;1.6;3.2;41.0
808.0;1.6;3.2;41.0
797.0;1.6;3.2;41.0
753.5;1.6;3.2;41.0
621.9;1.6;3.2;41.0
924.2;1.6;3.2;41.0
817.5;1.6;3.2;41.0
845.2;1.6;3.2;41.0
899.3;1.6;3.2;41.0
834.5;1.6;3.2;41.0
813.1;1.6;3.2;41.0
826.0;1.6;3.2;41.0
899.4;1.6;3.2;41.0
816.6;1.6;3.2;41.0
1108.5;1.6;3.2;41.0
801.3;1.6;3.2;41.0
791.0;1.6;3.2;41.0
909.0;1.6;3.2;41.0
899.3;1.6;3.2;41.0
794.4;1.6;3.2;41.0
801.9;1.6;3.2;41.0
899.2;1.6;3.2;41.0
787.2;1.6;3.2;41.0
798.4;1.6;3.2;41.0
899.2;1.6;3.2;41.0
830.5;1.6;3.2;41.0
809.5;1.6;3.2;41.0
994.1;1.6;3.2;41.0
949.6;1.6;3.2;41.0
799.1;1.6;3.2;41.0
792.2;1.6;3.2;41.0
819.4;1.6;3.2;41.0
899.2;1.6;3.2;41.0
829.4;1.6;3.2;41.0
1036.4;1.6;3.2;41.0
930.0;1.6;3.2;41.0
1174.4;1.6;3.2;41.0
828.8;1.6;3.2;41.0
923.0;1.6;3.2;41.0
821.3;1.6;3.2;41.0
1157.9;1.6;3.2;41.0
899.5;1.6;3.2;41.0
899.2;1.6;3.2;41.0
809.3;1.6;3.2;41.0
855.6;1.6;3.2;41.0
815.5;1.6;3.2;41.0
1099.2;1.6;3.2;41.0
1000.3;1.6;3.2;41.0
799.0;1.6;3.2;41.0
811.4;1.6;3.2;41.0
802.7;1.6;3.2;41.0
899.3;1.6;3.2;41.0
807.6;1.6;3.2;41.0
805.3;1.6;3.2;41.0
910.9;1.6;3.2;41.0
801.7;1.6;3.2;41.0
916.3;1.6;3.2;41.0
1298.4;1.6;3.2;41.0
858.7;1.6;3.2;41.0
899.2;1.6;3.2;41.0
898.4;1.6;3.2;41.0
801.5;1.6;3.2;41.0
1205.3;1.6;3.2;41.0
808.7;1.6;3.2;41.0
905.2;1.6;3.2;41.0
817.7;1.6;3.2;41.0
822.1;1.6;3.2;41.0
803.9;1.6;3.2;41.0
790.0;1.6;3.2;41.0
699.3;1.6;3.2;41.0
699.3;1.6;3.2;41.0
804.6;1.6;3.2;41.0
793.4;1.6;3.2;41.0
989.3;1.6;3.2;41.0
800.6;1.6;3.2;41.0
1005.6;1.6;3.2;41.0
773.3;1.6;3.2;41.0
821.0;1.6;3.2;41.0
727.3;1.6;3.2;41.0
820.4;1.6;3.2;41.0
798.9;1.6;3.2;41.0
784.0;1.6;3.2;41.0
899.3;1.6;3.2;41.0
801.7;1.6;3.2;41.0
796.7;1.6;3.2;41.0
899.2;1.6;3.2;41.0
899.3;1.6;3.2;41.0
793.2;1.6;3.2;41.0
701.4;1.6;3.2;41.0
836.3;1.6;3.2;41.0
846.8;1.6;3.2;41.0
956.5;1.6;3.2;41.0
937.8;1.6;3.2;41.0
796.2;1.6;3.2;41.0
791.2;1.6;3.2;41.0
803.0;1.6;3.2;41.0
825.2;1.6;3.2;41.0
791.4;1.6;3.2;41.0
802.6;1.6;3.2;41.0
699.3;1.6;3.2;41.0
987.2;1.6;3.2;41.0
897.7;1.6;3.2;41.0
820.2;1.6;3.2;41.0
699.2;1.6;3.2;41.0
695.2;1.6;3.2;41.0
818.2;1.6;3.2;41.0
833.5;1.6;3.2;41.0
910.8;1.6;3.2;41.0
905.7;1.6;3.2;41.0
1002.2;1.6;3.2;41.0
932.9;1.6;3.2;41.0
699.3;1.6;3.2;41.0
958.4;1.6;3.2;41.0
1056.0;1.6;3.2;41.0
769.2;1.6;3.2;41.0
796.3;1.6;3.2;41.0
800.3;1.6;3.2;41.0
989.6;1.6;3.2;41.0
823.4;1.6;3.2;41.0
899.3;1.6;3.2;41.0
736.2;1.6;3.2;41.0
908.8;1.6;3.2;41.0
826.4;1.6;3.2;41.0
800.6;1.6;3.2;41.0
798.4;1.6;3.2;41.0
699.3;1.6;3.2;41.0
1028.5;1.6;3.2;41.0
839.0;1.6;3.2;41.0
1217.6;1.6;3.2;41.0
803.3;1.6;3.2;41.0
742.6;1.6;3.2;41.0
899.3;1.6;3.2;41.0
858.4;1.6;3.2;41.0
965.1;1.6;3.2;41.0
975.1;1.6;3.2;41.0
899.2;1.6;3.2;41.0
796.4;1.6;3.2;41.0
899.3;1.6;3.2;41.0
804.5;1.6;3.2;41.0
1116.3;1.6;3.2;41.0
795.9;1.6;3.2;41.0
730.4;1.6;3.2;41.0
998.7;1.6;3.2;41.0
899.2;1.6;3.2;41.0
812.6;1.6;3.2;41.0
847.0;1.6;3.2;41.0
793.8;1.6;3.2;41.0
801.9;1.6;3.2;41.0
899.2;1.6;3.2;41.0
1207.8;1.6;3.2;41.0
990.5;1.6;3.2;41.0
1098.5;1.6;3.2;41.0
1005.7;1.6;3.2;41.0
699.3;1.6;3.2;41.0
801.6;1.6;3.2;41.0
923.2;1.6;3.2;41.0
917.5;1.6;3.2;41.0
809.9;1.6;3.2;41.0
815.5;1.6;3.2;41.0
869.2;1.6;3.2;41.0
1114.6;1.6;3.2;41.0
899.7;1.6;3.2;41.0
1023.3;1.6;3.2;41.0
1007.4;1.6;3.2;41.0
899.2;1.6;3.2;41.0
899.2;1.6;3.2;41.0
1000.6;1.6;3.2;41.0
899.3;1.6;3.2;41.0
899.3;1.6;3.2;41.0
783.5;1.6;3.2;41.0
794.8;1.6;3.2;41.0
922.6;1.6;3.2;41.0
910.3;1.6;3.2;41.0
953.6;1.6;3.2;41.0
837.5;1.6;3.2;41.0
810.5;1.6;3.2;41.0
824.2;1.6;3.2;41.0
1022.3;1.6;3.2;41.0
822.9;1.6;3.2;41.0
899.3;1.6;3.2;41.0
899.4;1.6;3.2;41.0
825.1;1.6;3.2;41.0
1146.3;1.6;3.2;41.0
954.3;1.6;3.2;41.0
828.6;1.6;3.2;41.0
823.8;1.6;3.2;41.0
960.0;1.6;3.2;41.0
734.1;1.6;3.2;41.0
861.6;1.6;3.2;41.0
810.9;1.6;3.2;41.0
783.5;1.6;3.2;41.0
1022.5;1.6;3.2;41.0
813.5;1.6;3.2;41.0
716.6;1.6;3.2;41.0
912.5;1.6;3.2;41.0
699.3;1.6;3.2;41.0
899.2;1.6;3.2;41.0
786.3;1.6;3.2;41.0
820.3;1.6;3.2;41.0
1099.2;1.6;3.2;41.0
936.8;1.6;3.2;41.0
789.4;1.6;3.2;41.0
796.7;1.6;3.2;41.0
899.3;1.6;3.2;41.0
740.9;1.6;3.2;41.0
1087.4;1.6;3.2;41.0
899.3;1.6;3.2;41.0
791.4;1.6;3.2;41.0
815.7;1.6;3.2;41.0
704.3;1.6;3.2;41.0
836.9;1.6;3.2;41.0
730.8;1.6;3.2;41.0
785.4;1.6;3.2;41.0
899.2;1.6;3.2;41.0
800.3;1.6;3.2;41.0
797.9;1.6;3.2;41.0
919.7;1.6;3.2;41.0
902.8;1.6;3.2;41.0
999.2;1.6;3.2;41.0
1021.3;1.6;3.2;41.0
821.9;1.6;3.2;41.0
801.2;1.6;3.2;41.0
899.2;1.6;3.2;41.0
793.8;1.6;3.2;41.0
899.3;1.6;3.2;41.0
806.4;1.6;3.2;41.0
900.7;1.6;3.2;41.0
724.2;1.6;3.2;41.0
745.9;1.6;3.2;41.0
809.7;1.6;3.2;41.0
801.7;1.6;3.2;41.0
899.2;1.6;3.2;41.0
983.6;1.6;3.2;41.0
1001.2;1.6;3.2;41.0
1009.5;1.6;3.2;41.0
899.3;1.6;3.2;41.0
899.3;1.6;3.2;41.0
808.5;1.6;3.2;41.0
894.3;1.6;3.2;41.0
899.3;1.6;3.2;41.0
899.2;1.6;3.2;41.0
899.2;1.6;3.2;41.0
792.7;1.6;3.2;41.0
834.7;1.6;3.2;41.0
812.4;1.6;3.2;41.0
931.7;1.6;3.2;41.0
826.3;1.6;3.2;41.0
913.6;1.6;3.2;41.0
950.0;1.6;3.2;41.0
815.1;1.6;3.2;41.0
899.3;1.6;3.2;41.0
809.4;1.6;3.2;41.0
1046.6;1.6;3.2;41.0
833.3;1.6;3.2;41.0
927.0;1.6;3.2;41.0
799.0;1.6;3.2;41.0
816.5;1.6;3.2;41.0
805.9;1.6;3.2;41.0
899.3;1.6;3.2;41.0
792.1;1.6;3.2;41.0
791.3;1.6;3.2;41.0
899.2;1.6;3.2;41.0
899.3;1.6;3.2;41.0
942.4;1.6;3.2;41.0
1026.9;1.6;3.2;41.0
812.1;1.6;3.2;41.0
819.2;1.6;3.2;41.0
619.6;1.6;3.2;41.0
896.0;1.6;3.2;41.0
819.3;1.6;3.2;41.0
899.4;1.6;3.2;41.0
817.2;1.6;3.2;41.0
815.5;1.6;3.2;41.0
804.6;1.6;3.2;41.0
815.3;1.6;3.2;41.0
1177.7;1.6;3.2;41.0
792.9;1.6;3.2;41.0
1007.8;1.6;3.2;41.0
801.2;1.6;3.2;41.0
798.8;1.6;3.2;41.0
798.9;1.6;3.2;41.0
809.3;1.6;3.2;41.0
797.0;1.6;3.2;41.0
907.3;1.6;3.2;41.0
806.2;1.6;3.2;41.0
699.3;1.6;3.2;41.0
720.7;1.6;3.2;41.0
807.7;1.6;3.2;41.0
802.6;1.6;3.2;41.0
812.9;1.6;3.2;41.0
816.8;1.6;3.2;41.0
899.2;1.6;3.2;41.0
805.1;1.6;3.2;41.0
899.3;1.6;3.2;41.0
837.5;1.6;3.2;41.0
802.5;1.6;3.2;41.0
699.3;1.6;3.2;41.0
899.4;1.6;3.2;41.0
924.1;1.6;3.2;41.0
799.7;1.6;3.2;41.0
899.2;1.6;3.2;41.0
899.3;1.6;3.2;41.0
822.5;1.6;3.2;41.0
799.9;1.6;3.2;41.0
803.6;1.6;3.2;41.0
808.4;1.6;3.2;41.0
1129.0;1.6;3.2;41.0
1086.7;1.6;3.2;41.0
829.9;1.6;3.2;41.0
924.2;1.6;3.2;41.0
822.8;1.6;3.2;41.0
1116.6;1.6;3.2;41.0
832.3;1.6;3.2;41.0
807.3;1.6;3.2;41.0
749.2;1.6;3.2;41.0
796.9;1.6;3.2;41.0
818.2;1.6;3.2;41.0
1073.8;1.6;3.2;41.0
934.8;1.6;3.2;41.0
944.7;1.6;3.2;41.0
719.2;1.6;3.2;41.0
1029.8;1.6;3.2;41.0
1019.0;1.6;3.2;41.0
1049.1;1.6;3.2;41.0
798.7;1.6;3.2;41.0
730.7;1.6;3.2;41.0
811.7;1.6;3.2;41.0
899.2;1.6;3.2;41.0
699.3;1.6;3.2;41.0
1014.2;1.6;3.2;41.0
809.3;1.6;3.2;41.0
839.4;1.6;3.2;41.0
899.2;1.6;3.2;41.0
784.9;1.6;3.2;41.0
913.7;1.6;3.2;41.0
899.2;1.6;3.2;41.0
904.5;1.6;3.2;41.0
840.0;1.6;3.2;41.0
812.2;1.6;3.2;41.0
899.2;1.6;3.2;41.0
899.3;1.6;3.2;41.0
808.4;1.6;3.2;41.0
830.3;1.6;3.2;41.0
899.2;1.6;3.2;41.0
899.3;1.6;3.2;41.0
812.0;1.6;3.2;41.0
825.4;1.6;3.2;41.0
899.2;1.6;3.2;41.0
787.0;1.6;3.2;41.0
899.2;1.6;3.2;41.0
794.2;1.6;3.2;41.0
699.3;1.6;3.2;41.0
792.6;1.6;3.2;41.0
807.9;1.6;3.2;41.0
821.7;1.6;3.2;41.0
1031.7;1.6;3.2;41.0
844.2;1.6;3.2;41.0
807.5;1.6;3.2;41.0
934.5;1.6;3.2;41.0
716.3;1.6;3.2;41.0
827.9;1.6;3.2;41.0
814.7;1.6;3.2;41.0
1025.3;1.6;3.2;41.0
893.1;1.6;3.2;41.0
798.9;1.6;3.2;41.0
810.3;1.6;3.2;41.0
806.9;1.6;3.2;41.0
899.2;1.6;3.2;41.0
899.3;1.6;3.2;41.0
899.2;1.6;3.2;41.0
795.1;1.6;3.2;41.0
794.2;1.6;3.2;41.0
806.3;1.6;3.2;41.0
827.2;1.6;3.2;41.0
809.4;1.6;3.2;41.0
796.7;1.6;3.2;41.0
808.3;1.6;3.2;41.0
816.7;1.6;3.2;41.0
1007.2;1.6;3.2;41.0
899.2;1.6;3.2;41.0
820.6;1.6;3.2;41.0
746.6;1.6;3.2;41.0
819.8;1.6;3.2;41.0
799.9;1.6;3.2;41.0
796.6;1.6;3.2;41.0
899.3;1.6;3.2;41.0
800.6;1.6;3.2;41.0
910.2;1.6;3.2;41.0
1013.1;1.6;3.2;41.0
1140.7;1.6;3.2;41.0
795.8;1.6;3.2;41.0
899.2;1.6;3.2;41.0
810.9;1.6;3.2;41.0
812.8;1.6;3.2;41.0
899.3;1.6;3.2;41.0
835.1;1.6;3.2;41.0
807.3;1.6;3.2;41.0
811.4;1.6;3.2;41.0
808.6;1.6;3.2;41.0
975.3;1.6;3.2;41.0
828.7;1.6;3.2;41.0
1037.9;1.6;3.2;41.0
805.1;1.6;3.2;41.0
797.5;1.6;3.2;41.0
848.5;1.6;3.2;41.0
815.2;1.6;3.2;41.0
807.0;1.6;3.2;41.0
1149.2;1.6;3.2;41.0
802.3;1.6;3.2;41.0
794.2;1.6;3.2;41.0
798.6;1.6;3.2;41.0
899.4;1.6;3.2;41.0
801.1;1.6;3.2;41.0
899.3;1.6;3.2;41.0
899.2;1.6;3.2;41.0
997.1;1.6;3.2;41.0
899.2;1.6;3.2;41.0
789.8;1.6;3.2;41.0
855.8;1.6;3.2;41.0
899.2;1.6;3.2;41.0
819.0;1.6;3.2;41.0
899.3;1.6;3.2;41.0
801.4;1.6;3.2;41.0
818.4;1.6;3.2;41.0
796.3;1.6;3.2;41.0
824.1;1.6;3.2;41.0
822.7;1.6;3.2;41.0
803.5;1.6;3.2;41.0
807.2;1.6;3.2;41.0
699.2;1.6;3.2;41.0
857.6;1.6;3.2;41.0
788.6;1.6;3.2;41.0
899.3;1.6;3.2;41.0
789.4;1.6;3.2;41.0
798.9;1.6;3.2;41.0
816.1;1.6;3.2;41.0
783.5;1.6;3.2;41.0
818.7;1.6;3.2;41.0
786.0;1.6;3.2;41.0
699.3;1.6;3.2;41.0
899.3;1.6;3.2;41.0
800.4;1.6;3.2;41.0
741.8;1.6;3.2;41.0
1042.9;1.6;3.2;41.0
1007.8;1.6;3.2;41.0
1009.0;1.6;3.2;41.0
899.3;1.6;3.2;41.0
748.2;1.6;3.2;41.0
796.2;1.6;3.2;41.0
699.2;1.6;3.2;41.0
780.3;1.6;3.2;41.0
999.9;1.6;3.2;41.0
841.9;1.6;3.2;41.0
802.5;1.6;3.2;41.0
801.2;1.6;3.2;41.0
1003.4;1.6;3.2;41.0
1223.7;1.6;3.2;41.0
899.2;1.6;3.2;41.0
1096.1;1.6;3.2;41.0
923.8;1.6;3.2;41.0
788.7;1.6;3.2;41.0
816.3;1.6;3.2;41.0
699.3;1.6;3.2;41.0
781.4;1.6;3.2;41.0
797.3;1.6;3.2;41.0
812.8;1.6;3.2;41.0
887.1;1.6;3.2;41.0
899.2;1.6;3.2;41.0
899.3;1.6;3.2;41.0
899.2;1.6;3.2;41.0
799.8;1.6;3.2;41.0
995.6;1.6;3.2;41.0
899.3;1.6;3.2;41.0
802.2;1.6;3.2;41.0
813.1;1.6;3.2;41.0
795.0;1.6;3.2;41.0
899.3;1.6;3.2;41.0
793.3;1.6;3.2;41.0
728.2;1.6;3.2;41.0
791.0;1.6;3.2;41.0
802.7;1.6;3.2;41.0
823.0;1.6;3.2;41.0
826.8;1.6;3.2;41.0
899.3;1.6;3.2;41.0
796.5;1.6;3.2;41.0
899.2;1.6;3.2;41.0
1009.9;1.6;3.2;41.0
991.8;1.6;3.2;41.0
724.2;1.6;3.2;41.0
824.5;1.6;3.2;41.0
830.9;1.6;3.2;41.0
857.3;1.6;3.2;41.0
791.2;1.6;3.2;41.0
792.0;1.6;3.2;41.0
867.5;1.6;3.2;41.0
917.3;1.6;3.2;41.0
791.0;1.6;3.2;41.0
949.3;1.6;3.2;41.0
902.4;1.6;3.2;41.0
1002.0;1.6;3.2;41.0
1109.9;1.6;3.2;41.0
802.8;1.6;3.2;41.0
797.8;1.6;3.2;41.0
783.6;1.6;3.2;41.0
802.1;1.6;3.2;41.0
814.3;1.6;3.2;41.0
999.6;1.6;3.2;41.0
786.9;1.6;3.2;41.0
899.3;1.6;3.2;41.0
899.2;1.6;3.2;41.0
794.3;1.6;3.2;41.0
900.0;1.6;3.2;41.0
925.1;1.6;3.2;41.0
811.6;1.6;3.2;41.0
931.9;1.6;3.2;41.0
807.2;1.6;3.2;41.0
827.7;1.6;3.2;41.0
792.9;1.6;3.2;41.0
692.1;1.6;3.2;41.0
791.2;1.6;3.2;41.0
899.3;1.6;3.2;41.0
798.6;1.6;3.2;41.0
808.9;1.6;3.2;41.0
812.8;1.6;3.2;41.0
899.5;1.6;3.2;41.0
786.4;1.6;3.2;41.0
799.8;1.6;3.2;41.0
801.1;1.6;3.2;41.0
963.3;1.6;3.2;41.0
1026.5;1.6;3.2;41.0
919.8;1.6;3.2;41.0
817.0;1.6;3.2;41.0
802.6;1.6;3.2;41.0
1098.5;1.6;3.2;41.0
850.1;1.6;3.2;41.0
825.0;1.6;3.2;41.0
971.2;1.6;3.2;41.0
918.5;1.6;3.2;41.0
930.3;1.6;3.2;41.0
804.4;1.6;3.2;41.0
809.0;1.6;3.2;41.0
898.8;1.6;3.2;41.0
899.2;1.6;3.2;41.0
899.3;1.6;3.2;41.0
647.0;1.6;3.2;41.0
790.6;1.6;3.2;41.0
899.7;1.6;3.2;41.0
810.8;1.6;3.2;41.0
803.6;1.6;3.2;41.0
653.6;1.6;3.2;41.0
801.3;1.6;3.2;41.0
789.4;1.6;3.2;41.0
995.8;1.6;3.2;41.0
918.5;1.6;3.2;41.0
874.8;1.6;3.2;41.0
899.2;1.6;3.2;41.0
699.2;1.6;3.2;41.0
899.3;1.6;3.2;41.0
791.7;1.6;3.2;41.0
802.4;1.6;3.2;41.0
699.3;1.6;3.2;41.0
788.7;1.6;3.2;41.0
824.7;1.6;3.2;41.0
899.3;1.6;3.2;41.0
946.5;1.6;3.2;41.0
899.2;1.6;3.2;41.0
1022.4;1.6;3.2;41.0
798.2;1.6;3.2;41.0
1006.4;1.6;3.2;41.0
814.6;1.6;3.2;41.0
799.8;1.6;3.2;41.0
806.1;1.6;3.2;41.0
899.2;1.6;3.2;41.0
899.7;1.6;3.2;41.0
847.3;1.6;3.2;41.0
831.3;1.6;3.2;41.0
948.9;1.6;3.2;41.0
838.8;1.6;3.2;41.0
815.3;1.6;3.2;41.0
813.4;1.6;3.2;41.0
998.1;1.6;3.2;41.0
809.6;1.6;3.2;41.0
808.3;1.6;3.2;41.0
899.2;1.6;3.2;41.0
807.6;1.6;3.2;41.0
714.2;1.6;3.2;41.0
899.2;1.6;3.2;41.0
798.4;1.6;3.2;41.0
814.1;1.6;3.2;41.0
924.2;1.6;3.2;41.0
789.4;1.6;3.2;41.0
825.4;1.6;3.2;41.0
899.3;1.6;3.2;41.0
1010.3;1.6;3.2;41.0
812.3;1.6;3.2;41.0
699.2;1.6;3.2;41.0
756.3;1.6;3.2;41.0
1096.7;1.6;3.2;41.0
943.8;1.6;3.2;41.0
899.3;1.6;3.2;41.0
1005.4;1.6;3.2;41.0
816.0;1.6;3.2;41.0
805.6;1.6;3.2;41.0
1019.8;1.6;3.2;41.0
809.3;1.6;3.2;41.0
790.5;1.6;3.2;41.0
800.8;1.6;3.2;41.0
899.3;1.6;3.2;41.0
922.8;1.6;3.2;41.0
934.6;1.6;3.2;41.0
1020.5;1.6;3.2;41.0
833.7;1.6;3.2;41.0
822.4;1.6;3.2;41.0
806.7;1.6;3.2;41.0
899.3;1.6;3.2;41.0
918.4;1.6;3.2;41.0
749.6;1.6;3.2;41.0
899.4;1.6;3.2;41.0
865.9;1.6;3.2;41.0
1185.8;1.6;3.2;41.0
862.7;1.6;3.2;41.0
811.9;1.6;3.2;41.0
795.4;1.6;3.2;41.0
817.3;1.6;3.2;41.0
800.7;1.6;3.2;41.0
1098.5;1.6;3.2;41.0
899.2;1.6;3.2;41.0
907.7;1.6;3.2;41.0
1001.1;1.6;3.2;41.0
893.0;1.6;3.2;41.0
820.4;1.6;3.2;41.0
1297.7;1.6;3.2;41.0
898.4;1.6;3.2;41.0
981.8;1.6;3.2;41.0
818.2;1.6;3.2;41.0
803.2;1.6;3.2;41.0
899.2;1.6;3.2;41.0
799.6;1.6;3.2;41.0
808.3;1.6;3.2;41.0
956.3;1.6;3.2;41.0
812.6;1.6;3.2;41.0
893.3;1.6;3.2;41.0
899.2;1.6;3.2;41.0
899.3;1.6;3.2;41.0
1152.2;1.6;3.2;41.0
837.1;1.6;3.2;41.0
810.2;1.6;3.2;41.0
910.2;1.6;3.2;41.0
893.8;1.6;3.2;41.0
837.6;1.6;3.2;41.0
826.0;1.6;3.2;41.0
810.6;1.6;3.2;41.0
818.1;1.6;3.2;41.0
899.3;1.6;3.2;41.0
815.5;1.6;3.2;41.0
723.8;1.6;3.2;41.0
984.2;1.6;3.2;41.0
816.7;1.6;3.2;41.0
796.4;1.6;3.2;41.0
807.6;1.6;3.2;41.0
818.4;1.6;3.2;41.0
899.2;1.6;3.2;41.0
805.5;1.6;3.2;41.0
985.6;1.6;3.2;41.0
734.5;1.6;3.2;41.0
808.2;1.6;3.2;41.0
699.3;1.6;3.2;41.0
994.3;1.6;3.2;41.0
796.5;1.6;3.2;41.0
899.2;1.6;3.2;41.0
803.4;1.6;3.2;41.0
899.4;1.6;3.2;41.0
815.3;1.6;3.2;41.0
819.5;1.6;3.2;41.0
914.0;1.6;3.2;41.0
899.2;1.6;3.2;41.0
857.4;1.6;3.2;41.0
910.3;1.6;3.2;41.0
817.2;1.6;3.2;41.0
840.7;1.6;3.2;41.0
1140.8;1.6;3.2;41.0
997.5;1.6;3.2;41.0
929.0;1.6;3.2;41.0
738.9;1.6;3.2;41.0
919.5;1.6;3.2;41.0
795.4;1.6;3.2;41.0
808.4;1.6;3.2;41.0
840.7;1.6;3.2;41.0
808.7;1.6;3.2;41.0
899.2;1.6;3.2;41.0
812.4;1.6;3.2;41.0
1007.8;1.6;3.2;41.0
898.5;1.6;3.2;41.0
951.2;1.6;3.2;41.0
924.1;1.6;3.2;41.0
748.6;1.6;3.2;41.0
799.2;1.6;3.2;41.0
790.7;1.6;3.2;41.0
800.1;1.6;3.2;41.0
789.9;1.6;3.2;41.0
995.7;1.6;3.2;41.0
817.4;1.6;3.2;41.0
936.0;1.6;3.2;41.0
781.8;1.6;3.2;41.0
954.6;1.6;3.2;41.0
1126.0;1.6;3.2;41.0
784.1;1.6;3.2;41.0
819.0;1.6;3.2;41.0
815.9;1.6;3.2;41.0
839.1;1.6;3.2;41.0
914.7;1.6;3.2;41.0
1151.8;1.6;3.2;41.0
768.9;1.6;3.2;41.0
947.2;1.6;3.2;41.0
1026.6;1.6;3.2;41.0
805.7;1.6;3.2;41.0
876.4;1.6;3.2;41.0
899.2;1.6;3.2;41.0
884.6;1.6;3.2;41.0
833.6;1.6;3.2;41.0
835.9;1.6;3.2;41.0
803.8;1.6;3.2;41.0
825.9;1.6;3.2;41.0
804.8;1.6;3.2;41.0
899.2;1.6;3.2;41.0
809.2;1.6;3.2;41.0
899.3;1.6;3.2;41.0
794.6;1.6;3.2;41.0
791.9;1.6;3.2;41.0
973.4;1.6;3.2;41.0
850.2;1.6;3.2;41.0
807.4;1.6;3.2;41.0
768.8;1.6;3.2;41.0
899.3;1.6;3.2;41.0
1084.8;1.6;3.2;41.0
793.8;1.6;3.2;41.0
899.2;1.6;3.2;41.0
793.9;1.6;3.2;41.0
813.5;1.6;3.2;41.0
899.2;1.6;3.2;41.0
1210.3;1.6;3.2;41.0
1123.4;1.6;3.2;41.0
899.3;1.6;3.2;41.0
797.0;1.6;3.2;41.0
699.3;1.6;3.2;41.0
799.8;1.6;3.2;41.0
822.0;1.6;3.2;41.0
829.1;1.6;3.2;41.0
797.2;1.6;3.2;41.0
899.3;1.6;3.2;41.0
860.7;1.6;3.2;41.0
839.4;1.6;3.2;41.0
771.3;1.6;3.2;41.0
799.3;1.6;3.2;41.0
1003.8;1.6;3.2;41.0
834.7;1.6;3.2;41.0
953.5;1.6;3.2;41.0
1029.7;1.6;3.2;41.0
818.1;1.6;3.2;41.0
880.1;1.6;3.2;41.0
803.1;1.6;3.2;41.0
882.7;1.6;3.2;41.0
832.2;1.6;3.2;41.0
994.2;1.6;3.2;41.0
833.4;1.6;3.2;41.0
800.5;1.6;3.2;41.0
812.9;1.6;3.2;41.0
784.3;1.6;3.2;41.0
693.4;1.6;3.2;41.0
790.5;1.6;3.2;41.0
899.3;1.6;3.2;41.0
848.9;1.6;3.2;41.0
823.2;1.6;3.2;41.0
804.0;1.6;3.2;41.0
818.8;1.6;3.2;41.0
831.8;1.6;3.2;41.0
907.7;1.6;3.2;41.0
949.2;1.6;3.2;41.0
975.8;1.6;3.2;41.0
801.6;1.6;3.2;41.0
802.9;1.6;3.2;41.0
789.6;1.6;3.2;41.0
825.0;1.6;3.2;41.0
899.2;1.6;3.2;41.0
791.6;1.6;3.2;41.0
899.2;1.6;3.2;41.0
869.2;1.6;3.2;41.0
802.3;1.6;3.2;41.0
995.9;1.6;3.2;41.0
810.1;1.6;3.2;41.0
899.2;1.6;3.2;41.0
833.6;1.6;3.2;41.0
991.7;1.6;3.2;41.0
899.3;1.6;3.2;41.0
899.2;1.6;3.2;41.0
935.1;1.6;3.2;41.0
889.9;1.6;3.2;41.0
899.2;1.6;3.2;41.0
820.6;1.6;3.2;41.0
791.7;1.6;3.2;41.0
856.4;1.6;3.2;41.0
792.5;1.6;3.2;41.0
803.6;1.6;3.2;41.0
717.9;1.6;3.2;41.0
899.2;1.6;3.2;41.0
1099.3;1.6;3.2;41.0
814.6;1.6;3.2;41.0
1013.7;1.6;3.2;41.0
899.2;1.6;3.2;41.0
898.6;1.6;3.2;41.0
929.1;1.6;3.2;41.0
1019.7;1.6;3.2;41.0
1000.4;1.6;3.2;41.0
789.3;1.6;3.2;41.0
793.4;1.6;3.2;41.0
811.6;1.6;3.2;41.0
808.1;1.6;3.2;41.0
958.5;1.6;3.2;41.0
809.1;1.6;3.2;41.0
957.3;1.6;3.2;41.0
1020.8;1.6;3.2;41.0
795.3;1.6;3.2;41.0
802.6;1.6;3.2;41.0
788.3;1.6;3.2;41.0
899.3;1.6;3.2;41.0
793.4;1.6;3.2;41.0
899.2;1.6;3.2;41.0
899.3;1.6;3.2;41.0
1076.3;1.6;3.2;41.0
969.0;1.6;3.2;41.0
949.1;1.6;3.2;41.0
898.5;1.6;3.2;41.0
880.8;1.6;3.2;41.0
1045.5;1.6;3.2;41.0
829.4;1.6;3.2;41.0
808.6;1.6;3.2;41.0
930.5;1.6;3.2;41.0
1001.2;1.6;3.2;41.0
1099.2;1.6;3.2;41.0
808.5;1.6;3.2;41.0
1000.9;1.6;3.2;41.0
793.6;1.6;3.2;41.0
1036.0;1.6;3.2;41.0
810.6;1.6;3.2;41.0
897.3;1.6;3.2;41.0
804.5;1.6;3.2;41.0
899.3;1.6;3.2;41.0
901.5;1.6;3.2;41.0
807.2;1.6;3.2;41.0
798.1;1.6;3.2;41.0
795.3;1.6;3.2;41.0
897.4;1.6;3.2;41.0
1099.3;1.6;3.2;41.0
801.1;1.6;3.2;41.0
1027.7;1.6;3.2;41.0
824.7;1.6;3.2;41.0
899.4;1.6;3.2;41.0
913.0;1.6;3.2;41.0
699.4;1.6;3.2;41.0
1033.6;1.6;3.2;41.0
838.1;1.6;3.2;41.0
815.5;1.6;3.2;41.0
821.0;1.6;3.2;41.0
823.4;1.6;3.2;41.0
899.3;1.6;3.2;41.0
899.3;1.6;3.2;41.0
865.5;1.6;3.2;41.0
785.7;1.6;3.2;41.0
812.3;1.6;3.2;41.0
809.0;1.6;3.2;41.0
824.1;1.6;3.2;41.0
799.3;1.6;3.2;41.0
817.4;1.6;3.2;41.0
812.0;1.6;3.2;41.0
949.2;1.6;3.2;41.0
893.4;1.6;3.2;41.0
812.0;1.6;3.2;41.0
937.3;1.6;3.2;41.0
901.3;1.6;3.2;41.0
890.7;1.6;3.2;41.0
932.5;1.6;3.2;41.0
986.7;1.6;3.2;41.0
998.2;1.6;3.2;41.0
810.0;1.6;3.2;41.0
899.3;1.6;3.2;41.0
794.5;1.6;3.2;41.0
818.8;1.6;3.2;41.0
899.3;1.6;3.2;41.0
899.2;1.6;3.2;41.0
918.9;1.6;3.2;41.0
822.2;1.6;3.2;41.0
812.6;1.6;3.2;41.0
802.3;1.6;3.2;41.0
899.3;1.6;3.2;41.0
808.3;1.6;3.2;41.0
831.3;1.6;3.2;41.0
808.4;1.6;3.2;41.0
899.3;1.6;3.2;41.0
801.6;1.6;3.2;41.0
910.7;1.6;3.2;41.0
808.9;1.6;3.2;41.0
724.7;1.6;3.2;41.0
912.9;1.6;3.2;41.0
960.9;1.6;3.2;41.0
802.1;1.6;3.2;41.0
795.9;1.6;3.2;41.0
795.8;1.6;3.2;41.0
899.2;1.6;3.2;41.0
805.9;1.6;3.2;41.0
947.0;1.6;3.2;41.0
761.0;1.6;3.2;41.0
797.9;1.6;3.2;41.0
908.1;1.6;3.2;41.0
801.7;1.6;3.2;41.0
819.1;1.6;3.2;41.0
795.8;1.6;3.2;41.0
899.3;1.6;3.2;41.0
884.5;1.6;3.2;41.0
899.2;1.6;3.2;41.0
804.0;1.6;3.2;41.0
815.4;1.6;3.2;41.0
840.3;1.6;3.2;41.0
699.3;1.6;3.2;41.0
989.8;1.6;3.2;41.0
808.8;1.6;3.2;41.0
800.6;1.6;3.2;41.0
954.3;1.6;3.2;41.0
809.9;1.6;3.2;41.0
912.5;1.6;3.2;41.0
948.8;1.6;3.2;41.0
755.3;1.6;3.2;41.0
911.1;1.6;3.2;41.0
923.0;1.6;3.2;41.0
1043.8;1.6;3.2;41.0
694.8;1.6;3.2;41.0
800.8;1.6;3.2;41.0
805.9;1.6;3.2;41.0
841.6;1.6;3.2;41.0
812.1;1.6;3.2;41.0
808.5;1.6;3.2;41.0
1009.4;1.6;3.2;41.0
899.2;1.6;3.2;41.0
815.7;1.6;3.2;41.0
1005.6;1.6;3.2;41.0
924.5;1.6;3.2;41.0
899.2;1.6;3.2;41.0
989.7;1.6;3.2;41.0
899.3;1.6;3.2;41.0
899.2;1.6;3.2;41.0
1098.5;1.6;3.2;41.0
839.8;1.6;3.2;41.0
925.1;1.6;3.2;41.0
794.6;1.6;3.2;41.0
821.0;1.6;3.2;41.0
815.5;1.6;3.2;41.0
899.3;1.6;3.2;41.0
899.4;1.6;3.2;41.0
806.9;1.6;3.2;41.0
805.9;1.6;3.2;41.0
917.3;1.6;3.2;41.0
751.0;1.6;3.2;41.0
803.7;1.6;3.2;41.0
776.0;1.6;3.2;41.0
899.3;1.6;3.2;41.0
785.9;1.6;3.2;41.0
908.2;1.6;3.2;41.0
899.2;1.6;3.2;41.0
791.6;1.6;3.2;41.0
826.7;1.6;3.2;41.0
1074.3;1.6;3.2;41.0
899.3;1.6;3.2;41.0
790.6;1.6;3.2;41.0
899.2;1.6;3.2;41.0
798.1;1.6;3.2;41.0
1009.1;1.6;3.2;41.0
1013.4;1.6;3.2;41.0
836.7;1.6;3.2;41.0
1069.9;1.6;3.2;41.0
832.4;1.6;3.2;41.0
998.6;1.6;3.2;41.0
1019.8;1.6;3.2;41.0
988.9;1.6;3.2;41.0
790.6;1.6;3.2;41.0
699.3;1.6;3.2;41.0
829.3;1.6;3.2;41.0
830.8;1.6;3.2;41.0
1106.0;1.6;3.2;41.0
799.5;1.6;3.2;41.0
699.2;1.6;3.2;41.0
817.2;1.6;3.2;41.0
1072.9;1.6;3.2;41.0
980.6;1.6;3.2;41.0
801.2;1.6;3.2;41.0
833.8;1.6;3.2;41.0
792.1;1.6;3.2;41.0
899.3;1.6;3.2;41.0
813.8;1.6;3.2;41.0
814.7;1.6;3.2;41.0
899.3;1.6;3.2;41.0
824.0;1.6;3.2;41.0
937.6;1.6;3.2;41.0
900.7;1.6;3.2;41.0
899.3;1.6;3.2;41.0
877.4;1.6;3.2;41.0
798.2;1.6;3.2;41.0
902.4;1.6;3.2;41.0
803.8;1.6;3.2;41.0
1009.8;1.6;3.2;41.0
899.3;1.6;3.2;41.0
995.6;1.6;3.2;41.0
899.3;1.6;3.2;41.0
796.1;1.6;3.2;41.0
897.1;1.6;3.2;41.0
825.4;1.6;3.2;41.0
899.3;1.6;3.2;41.0
897.3;1.6;3.2;41.0
806.4;1.6;3.2;41.0
798.3;1.6;3.2;41.0
796.5;1.6;3.2;41.0
1015.5;1.6;3.2;41.0
1097.6;1.6;3.2;41.0
1026.3;1.6;3.2;41.0
926.6;1.6;3.2;41.0
899.3;1.6;3.2;41.0
908.6;1.6;3.2;41.0
804.4;1.6;3.2;41.0
793.6;1.6;3.2;41.0
896.5;1.6;3.2;41.0
1099.3;1.6;3.2;41.0
932.5;1.6;3.2;41.0
988.7;1.6;3.2;41.0
874.2;1.6;3.2;41.0
805.2;1.6;3.2;41.0
832.2;1.6;3.2;41.0
913.1;1.6;3.2;41.0
827.9;1.6;3.2;41.0
824.0;1.6;3.2;41.0
699.4;1.6;3.2;41.0
789.7;1.6;3.2;41.0
794.4;1.6;3.2;41.0
827.7;1.6;3.2;41.0
899.3;1.6;3.2;41.0
811.1;1.6;3.2;41.0
606.3;1.6;3.2;41.0
993.5;1.6;3.2;41.0
902.3;1.6;3.2;41.0
803.2;1.6;3.2;41.0
899.2;1.6;3.2;41.0
829.5;1.6;3.2;41.0
788.9;1.6;3.2;41.0
813.6;1.6;3.2;41.0
812.1;1.6;3.2;41.0
870.9;1.6;3.2;41.0
899.3;1.6;3.2;41.0
899.3;1.6;3.2;41.0
899.3;1.6;3.2;41.0
699.3;1.6;3.2;41.0
816.2;1.6;3.2;41.0
803.4;1.6;3.2;41.0
795.2;1.6;3.2;41.0
796.1;1.6;3.2;41.0
821.7;1.6;3.2;41.0
836.1;1.6;3.2;41.0
899.2;1.6;3.2;41.0
1105.8;1.6;3.2;41.0
824.5;1.6;3.2;41.0
883.6;1.6;3.2;41.0
957.6;1.6;3.2;41.0
806.8;1.6;3.2;41.0
816.6;1.6;3.2;41.0
798.1;1.6;3.2;41.0
762.7;1.6;3.2;41.0
899.5;1.6;3.2;41.0
816.7;1.6;3.2;41.0
899.2;1.6;3.2;41.0
908.2;1.6;3.2;41.0
1099.2;1.6;3.2;41.0
853.8;1.6;3.2;41.0
803.8;1.6;3.2;41.0
1196.5;1.6;3.2;41.0
989.4;1.6;3.2;41.0
980.6;1.6;3.2;41.0
899.3;1.6;3.2;41.0
899.3;1.6;3.2;41.0
798.0;1.6;3.2;41.0
899.3;1.6;3.2;41.0
897.8;1.6;3.2;41.0
711.6;1.6;3.2;41.0
809.4;1.6;3.2;41.0
792.5;1.6;3.2;41.0
799.3;1.6;3.2;41.0
809.0;1.6;3.2;41.0
797.0;1.6;3.2;41.0
798.8;1.6;3.2;41.0
899.2;1.6;3.2;41.0
741.6;1.6;3.2;41.0
801.1;1.6;3.2;41.0
799.6;1.6;3.2;41.0
1038.0;1.6;3.2;41.0
699.3;1.6;3.2;41.0
1099.3;1.6;3.2;41.0
788.6;1.6;3.2;41.0
1021.4;1.6;3.2;41.0
899.3;1.6;3.2;41.0
791.9;1.6;3.2;41.0
787.6;1.6;3.2;41.0
943.4;1.6;3.2;41.0
848.6;1.6;3.2;41.0
811.1;1.6;3.2;41.0
946.5;1.6;3.2;41.0
1142.5;1.6;3.2;41.0
1138.2;1.6;3.2;41.0
818.2;1.6;3.2;41.0
792.9;1.6;3.2;41.0
809.4;1.6;3.2;41.0
823.4;1.6;3.2;41.0
802.8;1.6;3.2;41.0
805.9;1.6;3.2;41.0
899.3;1.6;3.2;41.0
899.2;1.6;3.2;41.0
891.4;1.6;3.2;41.0
985.8;1.6;3.2;41.0
810.6;1.6;3.2;41.0
805.7;1.6;3.2;41.0
841.8;1.6;3.2;41.0
817.3;1.6;3.2;41.0
826.0;1.6;3.2;41.0
899.3;1.6;3.2;41.0
899.3;1.6;3.2;41.0
1118.2;1.6;3.2;41.0
798.3;1.6;3.2;41.0
796.9;1.6;3.2;41.0
895.1;1.6;3.2;41.0
