,/intelcpu/0/load/1,/intelcpu/0/load/2,/intelcpu/0/load/3,/intelcpu/0/load/4,/intelcpu/0/load/0,/intelcpu/0/temperature/0,/intelcpu/0/temperature/1,/intelcpu/0/temperature/2,/intelcpu/0/temperature/3,/intelcpu/0/temperature/4,/intelcpu/0/clock/1,/intelcpu/0/clock/2,/intelcpu/0/clock/3,/intelcpu/0/clock/4,/intelcpu/0/power/0,/intelcpu/0/power/1,/intelcpu/0/power/2,/intelcpu/0/power/3,/intelcpu/0/clock/0
Time,"CPU Core #1","CPU Core #2","CPU Core #3","CPU Core #4","CPU Total","CPU Core #1","CPU Core #2","CPU Core #3","CPU Core #4","CPU Package","CPU Core #1","CPU Core #2","CPU Core #3","CPU Core #4","CPU Package","CPU Cores","CPU Graphics","CPU DRAM","Bus Speed"
09/15/2022 13:42:09,2.34375,0,0.793647766,0.78125,0.979661942,42,39,41,41,46,1310.40112,1310.40112,1310.40112,1310.40112,2.76124024,0.201579884,0.0149631286,0,100.800087
09/15/2022 13:42:10,0,0,0.7692337,2.28438377,0.763404369,42,41,41,41,46,1310.40149,1310.40149,1310.40149,1310.40149,3.56568146,0.432408333,0.0215261634,0,100.800117
09/15/2022 13:42:11,3.90625,4.6875,1.58770084,4.813504,3.74873877,41,39,41,39,45,1310.40173,1310.40173,1310.40173,1310.40173,3.91604114,0.803368,0.0210903734,0,100.800125
09/15/2022 13:42:12,0.793647766,0,1.538825,1.538825,0.967824459,40,39,40,41,45,1310.40161,1310.40161,1310.40161,1310.40161,3.982881,0.371161252,0.0187758878,0,100.800125
09/15/2022 13:42:13,3.06526423,2.3317337,2.3317337,2.3317337,2.51511335,40,40,40,40,46,1310.40125,1411.20142,1310.40125,1411.20142,2.81194448,0.2897007,0.01478308,0,100.8001
09/15/2022 13:42:14,0.78125,0,0.793647766,5.409038,1.745981,40,39,40,40,45,1310.40137,1310.40137,1310.40137,1310.40137,2.77830386,0.207149342,0.0125751542,0,100.80011
09/15/2022 13:42:15,2.3317337,2.31971145,3.835225,3.08893919,2.89390683,40,40,39,39,44,1310.40149,1310.40149,1310.40149,1310.40149,3.33521581,0.323305577,0.014172134,0,100.80011
09/15/2022 13:42:16,0.7692337,0,0.7692337,4.615384,1.53846741,40,39,41,39,44,1310.40173,1310.40173,1310.40173,1310.40173,2.92044377,0.200863272,0.0146380551,0,100.800133
09/15/2022 13:42:17,3.076923,2.30768919,2.34375,5.384612,3.27824354,40,39,40,38,44,1310.40125,1310.40125,1310.40125,1310.40125,2.87999678,0.2897295,0.0220536813,0,100.800095
09/15/2022 13:42:18,3.06526423,2.35652924,1.5512228,2.34375,2.32919455,40,39,40,38,45,1310.40161,1310.40161,1310.40161,1310.40161,2.97555757,0.252420336,0.0117305871,0,100.800125
09/15/2022 13:42:19,14.84375,10.0142,9.256625,10.8293295,11.2359762,39,40,40,39,44,1310.40149,2016.0022,1411.20154,1310.40149,5.08917761,1.88297093,0.0147489617,0,100.80011
09/15/2022 13:42:20,3.13739777,2.36855149,1.57489777,2.36855149,2.36234665,39,40,40,38,44,1310.40125,1411.20142,1411.20142,1310.40125,3.008945,0.281771451,0.01815711,0,100.8001
09/15/2022 13:42:21,2.31971145,0.7692337,0.806450844,2.3317337,1.55678391,40,39,39,38,43,1310.40149,1310.40149,1310.40149,1310.40149,2.78227472,0.230093583,0.0201094318,0,100.800117
09/15/2022 13:42:22,0.7692337,0,0.746268034,1.53846145,0.7634938,40,38,39,38,44,1310.40161,1310.40161,1310.40161,1310.40161,3.11334467,0.22719866,0.0115105947,0,100.800117
09/15/2022 13:42:23,4.615384,1.53846145,0.757575035,4.615384,2.8816998,39,39,39,38,44,1310.40125,1310.40125,1310.40125,1310.40125,3.3287673,0.3083436,0.0200925656,0,100.800095
09/15/2022 13:42:24,1.5625,2.34375,1.5625,2.34375,1.953125,38,39,39,38,43,1310.402,1310.402,1310.402,1310.402,3.44575548,0.326174974,0.0131695066,0,100.800156
09/15/2022 13:42:25,2.30768919,2.30768919,2.30768919,2.30768919,2.30769515,38,39,39,38,43,1310.40125,1310.40125,1310.40125,1310.40125,3.41137242,0.35618794,0.0103714792,0,100.800095
09/15/2022 13:42:26,1.5625,1.5625,3.125,4.6875,2.734375,39,39,39,38,44,1512.00171,1411.20166,1411.20166,2923.20337,4.995004,1.38671756,0.060105402,0,100.800117
09/15/2022 13:42:27,10.9375,5.46875,7.03125,10.2306547,8.41704,42,42,42,42,44,3830.406,2923.20459,3830.406,2923.20459,7.58980274,3.81850982,0.14220202,0,100.800156
09/15/2022 13:42:28,7.8125,6.25,5.46875,4.651439,6.04567528,39,39,39,38,44,1310.40088,1310.40088,2923.202,1814.40112,5.40677357,1.86533451,0.0929486156,0,100.800064
09/15/2022 13:42:29,7.03125,5.46875,5.46875,3.90625,5.46875,43,40,40,41,43,1512.0022,2016.00293,2016.00293,1411.202,6.06724,1.65158427,0.176774889,0,100.80014
09/15/2022 13:42:30,9.375,12.5,12.5,11.71875,11.5234375,39,39,39,38,45,1310.40076,1310.40076,1310.40076,1310.40076,6.46590853,2.57853484,0.0852137,0,100.800056
09/15/2022 13:42:31,12.5,12.5,10.9375,16.40625,13.0859375,40,40,42,41,43,2419.20313,2923.20386,2923.20386,3830.405,5.08034849,1.62314391,0.0389063619,0,100.800133
09/15/2022 13:42:32,3.87018919,6.153846,7.7524066,10.0360575,6.953126,38,39,39,38,43,1310.40149,1310.40149,1310.40149,1310.40149,5.99465466,2.11550283,0.04572179,0,100.80011
09/15/2022 13:42:33,0.78125,0,2.36855149,2.34375,1.37338638,38,39,40,38,44,1310.40149,1310.40149,1310.40149,1411.20166,3.69671655,0.451346159,0.02124198,0,100.800117
09/15/2022 13:42:34,0.7692337,2.30768919,0.7692337,5.384612,2.30768919,39,39,39,37,43,1310.40186,1310.40186,1310.40186,1310.40186,3.56236553,0.503192365,0.03519755,0,100.800148
09/15/2022 13:42:35,2.30768919,0,0.7692337,5.384612,2.11538076,39,39,39,38,44,1310.40125,1310.40125,1310.40125,1310.40125,3.0099144,0.187806845,0.0165641829,0,100.800095
09/15/2022 13:42:36,3.13739777,3.125,2.34375,5.481148,3.521824,39,39,39,37,44,1411.20081,1411.20081,1310.40076,1310.40076,3.07046,0.341824,0.03420082,0,100.800056
09/15/2022 13:42:37,2.30768919,0.7692337,0.7692337,6.935096,2.69531,37,38,39,37,42,1310.402,1310.402,1310.402,1411.20215,2.97638583,0.344264537,0.0232683569,0,100.800148
09/15/2022 13:42:38,2.30768919,0.7692337,0.7692337,4.615384,2.11538076,38,39,39,37,44,1310.40149,1310.40149,1310.40149,1310.40149,2.66379547,0.212304488,0.0149238976,0,100.80011
09/15/2022 13:42:39,2.34375,1.5625,0.7692337,6.25,2.731371,39,38,38,38,43,1310.40149,1310.40149,1310.40149,1310.40149,3.17468786,0.3367736,0.01728148,0,100.800117
09/15/2022 13:42:40,0,0,0.78125,3.90625,1.171875,39,38,39,37,43,1310.40186,1310.40186,1310.40186,1310.40186,3.419541,0.3571567,0.0188041683,0,100.80014
09/15/2022 13:42:41,7.03125,0.78125,0,3.90625,2.9296875,39,38,38,38,44,1411.20129,1411.20129,1310.40125,1310.40125,3.69163322,0.7465682,0.0315477178,0,100.800095
09/15/2022 13:42:42,3.125,0.78125,0,3.90625,1.953125,38,38,37,37,43,1310.40149,1310.40149,1310.40149,1310.40149,2.7277956,0.223273024,0.0176873915,0,100.800117
09/15/2022 13:42:43,0.7692337,0,1.51515007,7.69230747,2.49417424,38,38,38,36,42,1310.40125,1310.40125,1310.40125,1310.40125,2.757593,0.324476749,0.0270142052,0,100.800095
09/15/2022 13:42:44,2.34375,2.34375,0,7.03125,2.9296875,39,39,39,37,42,1411.20166,1411.20166,2923.20337,2016.00232,2.99670649,0.243310228,0.0185677763,0,100.800117
09/15/2022 13:42:45,6.153846,1.53846145,0,3.076923,2.692306,39,38,39,36,43,1310.40149,1310.40149,1310.40149,1310.40149,3.68981576,0.6182034,0.040182624,0,100.800117
09/15/2022 13:42:46,1.5625,0.78125,0.78125,6.25,2.34375,38,38,38,37,42,1310.40161,1310.40161,1310.40161,1310.40161,2.71714115,0.219596073,0.0141041884,0,100.800117
09/15/2022 13:42:47,0.78125,0.78125,0,6.25,1.953125,38,38,37,37,43,1310.40088,1310.40088,1310.40088,1411.20093,2.75304651,0.305894047,0.0224823281,0,100.800064
09/15/2022 13:42:48,2.30768919,0,0,6.130886,2.1096468,38,38,37,36,42,1411.20251,1310.40234,1310.40234,2923.20532,2.87154937,0.262163848,0.0158317368,0,100.800179
09/15/2022 13:42:49,3.125,0.78125,0.793647766,7.8125,3.12809944,37,38,37,36,42,1310.40125,1310.40125,1310.40125,1310.40125,3.42667556,0.40701285,0.0390171371,0,100.800095
09/15/2022 13:42:50,0,2.36855149,1.5625,4.6875,2.15463638,38,38,38,37,42,1411.20178,1411.20178,1411.20178,1411.20178,3.09394121,0.421001673,0.0153627815,0,100.800125
09/15/2022 13:42:51,1.5625,0,2.35614777,5.46875,2.34684944,38,37,38,37,42,1411.20142,1310.40137,1310.40137,1310.40137,3.26055956,0.405704349,0.0296054538,0,100.8001
09/15/2022 13:42:52,1.5625,0,0.793647766,4.6875,1.760912,38,37,39,36,42,1310.40125,1310.40125,1411.20129,1411.20129,2.873233,0.225037634,0.0199856889,0,100.800095
09/15/2022 13:42:53,3.125,0,0.757575035,2.34375,1.55658126,39,38,38,37,42,1310.402,1310.402,1411.20215,1411.20215,3.29975367,0.4197883,0.0335709676,0,100.800156
09/15/2022 13:42:54,1.5625,0.78125,0.806450844,6.25,2.35005021,38,38,39,36,42,1411.20117,1310.40112,1310.40112,1310.40112,3.1178422,0.3261145,0.0198466964,0,100.800087
09/15/2022 13:42:55,1.5625,1.5625,0,7.03125,2.5390625,38,37,38,37,41,1310.40137,1310.40137,1411.20154,1310.40137,2.92555237,0.345267445,0.01715956,0,100.80011
09/15/2022 13:42:56,0.78125,1.5625,0.78125,7.03125,2.5390625,38,37,38,35,42,1310.40149,1411.20166,1310.40149,1310.40149,3.01102161,0.3442031,0.0235151052,0,100.800117
09/15/2022 13:42:57,2.30768919,1.53846145,0,6.153846,2.49999762,38,37,37,36,42,1411.20215,1411.20215,1411.20215,1310.402,2.73471332,0.2291895,0.020868307,0,100.800148
09/15/2022 13:42:58,0.7692337,0.7692337,1.53846145,5.384612,2.11538672,38,38,38,35,42,1310.40137,1310.40137,1310.40137,1411.20154,3.193544,0.393223,0.0328840166,0,100.80011
09/15/2022 13:42:59,2.3317337,0.78125,0.78125,1.5625,1.36418343,37,37,37,35,41,1310.40137,1310.40137,1310.40137,1310.40137,3.08415985,0.319321126,0.0171349011,0,100.8001
09/15/2022 13:43:00,1.5625,3.125,0,3.90625,2.1484375,37,37,37,36,41,1411.20142,1411.20142,1310.40125,1310.40125,3.257916,0.488871843,0.02340344,0,100.8001
09/15/2022 13:43:01,1.53846145,1.53846145,0.7692337,6.153846,2.50000358,37,37,38,36,42,1411.2019,1411.2019,1310.40173,1512.002,2.86178851,0.253470123,0.0156760775,0,100.800133
09/15/2022 13:43:02,2.30768919,0,0,4.615384,1.73076987,38,36,37,36,41,1411.20129,1310.40125,1411.20129,1310.40125,3.08333635,0.399273574,0.0303092916,0,100.800095
09/15/2022 13:43:03,1.5625,0,0.78125,7.03125,2.34375,38,38,36,36,41,1411.202,1411.202,1411.202,1411.202,3.0612216,0.248527646,0.0224258564,0,100.800148
09/15/2022 13:43:04,2.29603648,1.5625,3.1129837,3.858173,2.70742178,38,37,38,37,41,1310.40063,1310.40063,1310.40063,1411.20068,3.6731956,0.372959763,0.0216746572,0,100.800049
09/15/2022 13:43:05,3.076923,2.30768919,1.51515007,3.076923,2.49416828,37,38,37,35,41,1411.20215,1411.20215,1310.402,1310.402,3.338092,0.372078985,0.0227374937,0,100.800156
09/15/2022 13:43:06,0.7692337,0.757575035,1.53846145,6.92307949,2.497089,37,36,37,36,42,1310.40173,1310.40173,1411.20178,1411.20178,3.02968264,0.3922201,0.0322792642,0,100.800125
09/15/2022 13:43:07,1.5625,0.78125,2.34375,4.6875,2.34375,38,37,37,35,41,1411.20154,1411.20154,1310.40149,1411.20154,2.954834,0.4261383,0.0210545082,0,100.80011
09/15/2022 13:43:08,2.34375,1.5625,0.757575035,3.125,1.94720626,37,37,38,35,41,1310.40137,1310.40137,1310.40137,1310.40137,3.30929852,0.349311829,0.0340806656,0,100.80011
09/15/2022 13:43:09,1.53846145,0,0.78125,6.153846,2.1183908,38,37,37,34,41,1310.40137,1310.40137,1310.40137,1310.40137,2.874364,0.241198137,0.0177020561,0,100.8001
09/15/2022 13:43:10,2.34375,0,0.78125,7.03125,2.5390625,37,36,38,35,41,1411.2019,1411.2019,1411.2019,1411.2019,2.85916734,0.3041068,0.0208166521,0,100.800133
09/15/2022 13:43:11,2.34375,0.78125,2.31971145,6.25,2.92367935,37,36,37,36,42,1310.40125,1310.40125,1310.40125,1310.40125,3.09307384,0.366132379,0.03285177,0,100.800095
09/15/2022 13:43:12,2.30768919,2.2964,3.1129837,5.384612,3.27541828,37,36,37,36,41,1411.20166,1411.20166,1411.20166,1411.20166,3.28627348,0.464627236,0.03898928,0,100.800117
09/15/2022 13:43:13,1.58730149,1.58730149,3.125,3.96825075,2.56696343,37,37,37,36,41,1310.40125,1310.40125,1310.40125,1310.40125,2.94036841,0.261806041,0.0196754187,0,100.800095
09/15/2022 13:43:14,0,0,1.53846145,5.384612,1.73076987,37,36,37,36,42,1310.40149,1411.20154,1411.20154,1310.40149,3.48405623,0.3075995,0.0351766422,0,100.800117
09/15/2022 13:43:15,0,0.78125,0.78125,6.25,1.953125,37,37,37,35,41,1310.40173,1310.40173,1411.20178,1310.40173,3.36128139,0.290455252,0.02385024,0,100.800133
09/15/2022 13:43:16,0.7692337,0.7692337,0,6.153846,1.9230783,37,37,37,36,41,1310.40149,1310.40149,1411.20166,1310.40149,3.09934759,0.311254948,0.0266416166,0,100.800117
09/15/2022 13:43:17,2.34375,0,0,5.46875,1.953125,37,36,37,35,41,1310.40137,1915.2019,2016.00208,1310.40137,3.30478621,0.32108143,0.0181467514,0,100.8001
09/15/2022 13:43:18,2.30768919,0.7692337,0.7692337,3.076923,1.73076987,37,36,37,35,41,1310.40161,1310.40161,1310.40161,1310.40161,2.89178014,0.3016549,0.0285203177,0,100.800125
09/15/2022 13:43:19,0.78125,0.78125,1.5625,4.6875,1.953125,37,36,37,35,40,1310.40137,1310.40137,1209.6012,1310.40137,3.445697,0.531875849,0.0190785546,0,100.8001
09/15/2022 13:43:20,0,2.30768919,0.7692337,3.8461566,1.73076987,37,36,37,35,40,1411.20178,1310.40161,1310.40161,1310.40161,3.506113,0.5057379,0.0436012,0,100.800125
09/15/2022 13:43:21,0.7692337,3.076923,0,5.384612,2.30769515,37,37,37,36,41,1310.40186,1411.2019,1310.40186,1411.2019,2.73976016,0.294151723,0.0199658647,0,100.80014
09/15/2022 13:43:22,0.78125,0,0.78125,5.46875,1.7578125,36,36,36,35,40,1310.40112,1310.40112,1310.40112,1310.40112,2.933012,0.245101392,0.0252265241,0,100.800087
09/15/2022 13:43:23,3.076923,0,0,2.30768919,1.346159,37,36,37,35,40,1310.40161,1310.40161,1310.40161,1310.40161,2.85480785,0.2967109,0.022091059,0,100.800117
09/15/2022 13:43:24,0,0.7692337,1.53846145,3.8461566,1.53846145,37,36,37,35,41,1310.40137,1310.40137,1310.40137,1512.00159,3.01336455,0.27154246,0.02167496,0,100.8001
09/15/2022 13:43:25,3.125,0.78125,1.5625,2.34375,1.953125,37,36,37,35,41,1310.40161,1310.40161,2923.20361,1713.602,3.22854042,0.416668475,0.04011821,0,100.800125
09/15/2022 13:43:26,1.5625,0.78125,1.61290169,2.34375,1.57510042,37,35,36,35,41,1411.20081,1411.20081,1411.20081,1411.20081,2.94079733,0.26734522,0.0217098836,0,100.800064
09/15/2022 13:43:27,1.53846145,1.53846145,1.49253607,3.823191,2.098173,36,36,36,34,40,1310.40222,1310.40222,1310.40222,1411.20239,2.90233874,0.317573547,0.02405319,0,100.800171
09/15/2022 13:43:28,0,0,1.57489777,2.34375,0.979661942,36,37,37,34,41,1310.40137,1310.40137,1310.40137,1310.40137,3.23950577,0.257802457,0.0136167565,0,100.80011
09/15/2022 13:43:29,1.5625,0,0,6.25,1.953125,37,36,36,34,41,1310.40173,1310.40173,1310.40173,1310.40173,2.87629,0.326749563,0.0204448029,0,100.800133
09/15/2022 13:43:30,0,0,1.52680874,6.153846,1.92016363,38,35,36,35,40,1310.40112,1310.40112,1310.40112,1310.40112,2.81345367,0.252495557,0.0181806367,0,100.800087
09/15/2022 13:43:31,3.8461566,1.53846145,1.53846145,4.615384,2.88461447,37,37,37,34,41,1310.40173,1310.40173,1310.40173,1310.40173,3.49533916,0.549723744,0.0281769782,0,100.800133
09/15/2022 13:43:32,3.125,0,0,6.25,2.34375,37,36,35,34,41,1411.20178,1411.20178,1310.40161,1310.40161,2.83312273,0.239454985,0.0135678928,0,100.800125
09/15/2022 13:43:33,3.125,1.57489777,1.5625,3.125,2.34684944,37,37,35,36,40,1411.20142,1411.20142,1411.20142,1310.40137,2.74881077,0.3087043,0.0329908356,0,100.8001
09/15/2022 13:43:34,1.53846145,0,0,6.153846,1.9230783,36,36,35,35,41,1411.20154,1310.40137,1310.40137,1310.40137,2.92145061,0.259636223,0.01767505,0,100.80011
09/15/2022 13:43:35,3.16220522,1.5625,0.78125,7.118058,3.15600038,37,37,36,36,41,1411.20142,1411.20142,1310.40137,1411.20142,3.07578754,0.319689,0.0210426655,0,100.8001
09/15/2022 13:43:36,3.076923,0,0.793647766,6.153846,2.506107,36,36,36,35,40,1310.40149,1310.40149,1310.40149,1310.40149,2.676267,0.227398008,0.0179063063,0,100.800117
09/15/2022 13:43:37,2.34375,2.34375,1.5504837,4.6875,2.731371,37,36,36,35,40,3830.40454,1310.40161,1411.20166,1310.40161,3.18099976,0.419915438,0.0384323224,0,100.800117
09/15/2022 13:43:38,0.78125,0.78125,0,4.6875,1.5625,36,36,36,35,40,1310.40137,1310.40137,1310.40137,1310.40137,2.844968,0.2830588,0.02267666,0,100.8001
09/15/2022 13:43:39,0.78125,0,0.757575035,7.03125,2.14251876,37,36,36,36,41,1310.40161,1310.40161,1310.40161,1310.40161,3.350511,0.489648461,0.0199409854,0,100.800125
09/15/2022 13:43:40,0,0.7692337,0.793647766,3.8461566,1.35225654,37,35,36,35,41,1310.40137,1310.40137,1310.40137,1310.40137,3.07287884,0.3903988,0.0350730047,0,100.8001
09/15/2022 13:43:41,3.125,0.78125,2.30768919,2.34375,2.13942528,37,35,36,36,41,1310.40161,1310.40161,1310.40161,1310.40161,2.9201827,0.334832639,0.0292512923,0,100.800125
09/15/2022 13:43:42,2.34375,0.806450844,0,5.493951,2.161038,37,37,36,34,40,1310.40161,1310.40161,1310.40161,1310.40161,2.841879,0.235139742,0.0251607466,0,100.800125
09/15/2022 13:43:43,2.30768919,2.26176977,7.46268654,21.515501,8.386916,37,38,38,38,41,1411.201,1411.201,1310.401,1310.401,7.55680037,4.120036,0.03691251,0,100.800072
09/15/2022 13:43:44,1.53846145,1.53846145,1.58730149,4.615384,2.31990218,37,37,36,36,41,1310.40186,1411.202,1310.40186,1411.202,3.85331678,0.814496338,0.0170575157,0,100.80014
09/15/2022 13:43:45,1.53846145,0.7692337,0.746268034,7.69230747,2.686572,37,37,36,35,40,1310.40161,1310.40161,1310.40161,1411.20166,2.97584248,0.335879236,0.03999486,0,100.800117
09/15/2022 13:43:46,0.7692337,0,1.53846145,4.615384,1.73076987,37,37,36,34,41,1310.40137,1411.20142,1310.40137,1310.40137,2.72463322,0.266678065,0.0200675633,0,100.8001
09/15/2022 13:43:47,1.53846145,0.7692337,2.29603648,3.8461566,2.112466,37,37,35,35,40,1310.401,1310.401,1310.401,1310.401,3.33449578,0.4573549,0.0367737673,0,100.800079
09/15/2022 13:43:48,1.5625,0.78125,1.5625,6.25,2.5390625,37,37,36,36,40,1411.20215,1411.20215,1310.402,1411.20215,3.31753039,0.81300056,0.0193411764,0,100.800148
09/15/2022 13:43:49,1.5625,0.78125,3.125,6.25,2.9296875,37,37,35,36,41,1310.40173,1310.40173,1310.40173,1411.20178,3.16363025,0.4097071,0.0281427223,0,100.800133
09/15/2022 13:43:50,1.53846145,2.31971145,1.5504837,6.92307949,3.082937,36,36,36,36,40,1411.20154,1310.40137,1310.40137,1310.40137,3.12425351,0.356570452,0.0297889765,0,100.80011
09/15/2022 13:43:51,2.34375,2.3317337,0.7692337,4.6875,2.53305435,37,37,36,34,40,1310.401,1411.20117,1310.401,1310.401,3.104051,0.3885121,0.0270940922,0,100.800079
09/15/2022 13:43:52,0,1.53846145,0.7692337,3.076923,1.346159,36,37,36,35,40,1310.40186,1310.40186,1310.40186,1411.202,2.72998857,0.331103116,0.02433687,0,100.800148
09/15/2022 13:43:53,3.125,0.78125,0.78125,3.90625,2.1484375,36,36,36,34,40,1310.40137,1310.40137,1310.40137,1310.40137,3.17990637,0.440679282,0.0202257242,0,100.8001
09/15/2022 13:43:54,0.7692337,0.7692337,1.5625,2.30768919,1.35216713,36,35,36,35,42,1310.402,1411.20215,1310.402,1411.20215,3.6289475,0.4691477,0.02887341,0,100.800148
09/15/2022 13:43:56,0.7692337,0,0,3.8461566,1.15384459,36,36,36,34,40,1411.20117,1411.20117,1310.40112,3628.80322,2.72712636,0.24094075,0.01711535,0,100.800087
09/15/2022 13:43:57,1.5625,0,1.538825,5.46875,2.14251876,37,37,36,36,40,1411.20129,1310.40125,1310.40125,1915.20178,3.044109,0.476736963,0.0302400962,0,100.800095
09/15/2022 13:43:58,1.53846145,0.7692337,1.53846145,3.8461566,1.9230783,37,36,35,35,40,1411.20215,1310.402,2923.20435,2016.003,3.73690557,0.6614189,0.0258211587,0,100.800156
09/15/2022 13:43:59,1.5625,0,1.5625,6.25,2.34375,35,37,37,36,41,1814.39978,1411.19983,1411.19983,1411.19983,2.7818768,0.230938882,0.0187952369,0,100.799988
09/15/2022 13:44:00,2.30768919,1.53846145,0.7692337,3.8461566,2.11538076,36,37,36,36,40,1411.203,1411.203,2923.2063,2923.2063,2.97488117,0.409374624,0.02772058,0,100.800217
09/15/2022 13:44:01,2.30768919,0.7692337,1.53846145,6.153846,2.692306,36,36,37,34,40,1411.20178,1411.20178,1411.20178,1310.40161,2.56961179,0.255300879,0.0180467162,0,100.800125
09/15/2022 13:44:02,1.53846145,1.53846145,0.7692337,4.615384,2.11538672,38,36,36,35,41,1310.40149,1310.40149,1310.40149,1310.40149,3.59727931,0.4497129,0.03865241,0,100.80011
09/15/2022 13:44:03,0,0,0.78125,2.30768919,0.7722378,37,36,36,36,40,1310.40149,1310.40149,2923.20313,2822.403,3.45644855,0.4176707,0.02502064,0,100.80011
09/15/2022 13:44:04,3.125,0.7692337,1.5625,7.08165169,3.13459635,37,37,35,35,40,1310.40149,1310.40149,1310.40149,1411.20166,3.852687,1.0185349,0.023836486,0,100.800117
09/15/2022 13:44:05,0,0,0,4.615384,1.15384459,37,37,36,34,40,1411.20166,1411.20166,1310.40161,1310.40161,2.89178228,0.3275193,0.0268616416,0,100.800117
09/15/2022 13:44:06,0.793647766,2.34375,0.793647766,5.555558,2.371651,37,37,36,36,40,1310.40137,1411.20154,1411.20154,1310.40137,2.84396362,0.267264038,0.0161533225,0,100.80011
09/15/2022 13:44:07,0,1.53846145,0.78125,3.076923,1.349163,37,36,36,34,41,1310.40149,1310.40149,1310.40149,1310.40149,2.89099288,0.315596879,0.0282633081,0,100.800117
09/15/2022 13:44:08,0,0,0.7692337,3.90625,1.16887093,36,37,36,35,40,1411.20142,1411.20142,1310.40137,1310.40137,2.69546342,0.253147155,0.0213556588,0,100.8001
09/15/2022 13:44:09,2.34375,0.78125,0,4.6875,1.953125,37,37,35,35,41,1310.40137,1310.40137,1310.40137,1310.40137,3.191729,0.34160313,0.02987058,0,100.80011
09/15/2022 13:44:10,2.34375,0.78125,0.78125,3.93145084,1.95942521,37,37,36,35,40,1411.20166,1411.20166,1411.20166,1411.20166,2.8102417,0.253672928,0.0142499078,0,100.800117
09/15/2022 13:44:11,0.7692337,0.7692337,2.320075,4.615384,2.11848021,37,37,37,35,40,1310.40173,1310.40173,1310.40173,1310.40173,3.796062,0.6763593,0.0227591824,0,100.800133
09/15/2022 13:44:12,7.03125,1.58770084,1.5504837,5.4567337,3.906542,37,36,35,35,41,1411.20129,1310.40112,1310.40112,1310.40112,2.66766357,0.32120502,0.0201244149,0,100.800087
09/15/2022 13:44:13,1.5625,2.272725,0,3.90625,1.93536878,37,36,36,34,42,1310.40173,1310.40173,1310.40173,1310.40173,3.0053525,0.379478753,0.0304775331,0,100.80014
09/15/2022 13:44:14,3.13739777,1.5625,0.78125,4.6875,2.542162,35,36,36,34,40,1310.40173,1310.40173,1411.20178,1411.20178,3.144104,0.3618341,0.02762607,0,100.800133
09/15/2022 13:44:15,0.7692337,0,0.78125,3.8461566,1.34915709,36,36,36,34,40,1411.20117,1310.40112,1310.40112,1310.40112,2.90625763,0.242459282,0.0249448661,0,100.800087
09/15/2022 13:44:16,2.34375,0.78125,1.5504837,2.34375,1.75480843,35,37,36,36,40,1310.40149,1310.40149,1310.40149,1310.40149,3.09834361,0.409425735,0.0294286236,0,100.800117
09/15/2022 13:44:17,3.13739777,1.5625,0.78125,4.6875,2.542162,37,37,35,35,40,1310.40125,1310.40125,1310.40125,1310.40125,3.21041322,0.3564369,0.03455441,0,100.800095
09/15/2022 13:44:18,0.7692337,0.7692337,1.51515007,6.92307949,2.49417424,37,37,36,35,40,1411.2019,1310.40173,1310.40173,1310.40173,2.907758,0.33311978,0.0201319419,0,100.800133
09/15/2022 13:44:19,1.5625,1.5625,0.793647766,5.46875,2.34684944,37,37,35,35,41,1310.40173,1310.40173,1310.40173,1310.40173,3.00151563,0.368097156,0.0345072,0,100.800133
09/15/2022 13:44:20,2.30768919,5.384612,3.8461566,6.92307949,4.615384,35,36,36,35,41,1310.40137,1310.40137,1411.20142,1411.20142,3.54371619,0.646767139,0.028682664,0,100.8001
09/15/2022 13:44:21,3.076923,0,0,6.153846,2.30769515,36,37,36,34,40,1310.40149,1411.20154,1411.20154,1310.40149,2.694256,0.247004628,0.0148950545,0,100.80011
09/15/2022 13:44:22,2.34375,1.53846145,0,3.90625,1.94711685,36,35,35,34,40,1411.20178,1310.40161,1310.40161,1411.20178,3.075095,0.423505634,0.02545728,0,100.800125
09/15/2022 13:44:23,0,0.78125,1.5504837,2.34375,1.16887093,36,36,36,33,40,1310.40161,1310.40161,1310.40161,1310.40161,2.92261481,0.3393321,0.0249769967,0,100.800125
09/15/2022 13:44:24,0.78125,0,0.78125,3.90625,1.3671875,35,35,35,35,40,1310.401,1310.401,1310.401,1310.401,2.537248,0.242572919,0.0171472915,0,100.800079
09/15/2022 13:44:25,3.125,1.5625,1.5625,2.34375,2.1484375,35,37,36,34,40,1411.2019,1310.40173,1310.40173,1310.40173,3.04858685,0.3336496,0.0330616422,0,100.800133
09/15/2022 13:44:26,0.78125,0,0.7692337,5.46875,1.75480843,36,35,36,35,39,1310.40149,1411.20166,1310.40149,1310.40149,2.67653775,0.229282528,0.0146720922,0,100.800117
09/15/2022 13:44:27,0,0,0.757575035,5.384612,1.53554678,35,36,36,34,40,1310.40137,1310.40137,1209.6012,1310.40137,2.9271,0.336979777,0.0294419527,0,100.8001
09/15/2022 13:44:28,3.90625,1.5625,1.5625,4.6875,2.9296875,36,36,36,37,40,2016.0033,1310.4021,1310.4021,1310.4021,3.07003427,0.389179081,0.0119803827,0,100.800163
09/15/2022 13:44:29,2.30768919,0,1.51515007,5.384612,2.30186582,35,35,36,33,39,1310.401,1310.401,1310.401,1310.401,3.106195,0.4122082,0.0304132532,0,100.800079
09/15/2022 13:44:30,3.1129837,2.34375,0.793647766,3.13739777,2.34694481,35,36,36,35,40,1310.40125,1310.40125,1310.40125,1310.40125,3.01942587,0.368348062,0.02250008,0,100.800095
09/15/2022 13:44:31,1.53846145,0,1.51515007,5.384612,2.10955739,35,35,35,35,40,1411.202,1310.402,1310.402,1411.202,2.50722456,0.234742463,0.01788398,0,100.800148
09/15/2022 13:44:32,3.125,1.5625,3.16220522,5.46875,3.32961082,36,36,35,34,40,1310.40125,1310.40125,1310.40125,1411.20142,3.55629277,0.457496583,0.0321431831,0,100.8001
09/15/2022 13:44:33,0,0.78125,0.78125,3.8461566,1.35216117,35,36,36,34,40,1310.40137,1310.40137,1411.20142,1310.40137,2.932765,0.277362823,0.02330881,0,100.8001
09/15/2022 13:44:34,2.30768919,2.29603648,3.8461566,6.142187,3.64801884,35,35,35,35,39,1310.40137,1411.20142,1310.40137,1310.40137,3.1310544,0.428251475,0.0429456122,0,100.8001
09/15/2022 13:44:35,1.58730149,2.34375,3.150183,4.699898,2.94528,36,35,36,35,40,1411.20032,1411.20032,1411.20032,1310.40027,3.325985,0.7835545,0.0184473917,0,100.800026
09/15/2022 13:44:36,0,0,0,5.46875,1.3671875,35,35,35,34,40,1411.20313,1310.40283,1310.40283,1310.40283,2.91652417,0.3609308,0.0287104044,0,100.800217
09/15/2022 13:44:37,3.125,0.78125,0.78125,2.34375,1.7578125,35,35,36,35,39,1310.40125,1310.40125,1310.40125,1310.40125,2.97358656,0.298599571,0.0120475916,0,100.800095
09/15/2022 13:44:38,2.34375,1.5625,1.5625,5.46875,2.734375,37,36,35,34,39,1310.40186,1310.40186,1411.202,1310.40186,3.11773682,0.389401466,0.0324552543,0,100.800148
09/15/2022 13:44:39,2.34375,2.34375,3.08893919,3.90625,2.92067528,36,36,36,34,39,1310.40088,1411.201,1411.201,1411.201,3.40895987,0.43571806,0.02559488,0,100.800072
09/15/2022 13:44:40,1.5625,1.5625,1.5625,5.46875,2.5390625,36,35,36,34,40,1411.20178,1310.40173,1310.40173,1310.40173,2.73573875,0.2533001,0.0232659914,0,100.800133
09/15/2022 13:44:41,3.076923,0.7692337,0.7692337,3.8461566,2.11538672,35,35,35,35,40,1310.401,1310.401,1310.401,1411.201,3.04441047,0.349542528,0.0260618534,0,100.800079
09/15/2022 13:44:42,3.076923,0,0.793647766,1.53846145,1.3522625,35,35,36,35,40,1310.40186,1310.40186,1310.40186,1512.0022,2.97616434,0.276682377,0.02037185,0,100.80014
09/15/2022 13:44:43,0.7692337,0.7692337,0.7692337,4.615384,1.73076987,36,35,35,34,41,1310.40186,1310.40186,1310.40186,1310.40186,2.93459153,0.406288564,0.0303895473,0,100.80014
09/15/2022 13:44:44,1.5625,0.78125,0.757575035,5.46875,2.14251876,36,35,36,34,39,1411.20129,1310.40125,1310.40125,1310.40125,2.73146057,0.271093726,0.0158061422,0,100.800095
09/15/2022 13:44:45,2.34375,1.58730149,1.58730149,8.59375,3.52802277,36,35,36,35,39,1310.40125,1310.40125,1310.40125,1310.40125,3.192766,0.369912684,0.03593648,0,100.8001
09/15/2022 13:44:46,1.5625,0,0,3.90625,1.3671875,37,35,35,34,40,1411.2019,1310.40173,1310.40173,1310.40173,2.72976947,0.268628061,0.0208892226,0,100.800133
09/15/2022 13:44:47,1.53846145,0.7692337,1.53846145,5.384612,2.30768919,37,35,35,36,40,1411.20142,1411.20142,1411.20142,1411.20142,2.86042118,0.403882444,0.0334231071,0,100.8001
09/15/2022 13:44:48,0.7692337,1.53846145,1.51549578,3.8461566,1.91733837,37,35,36,34,39,1411.20154,1310.40137,1310.40137,1411.20154,3.079256,0.346626878,0.0199540462,0,100.80011
09/15/2022 13:44:49,2.34375,0,0.78125,5.46875,2.1484375,36,36,36,34,39,1310.40137,1411.20154,1310.40137,1411.20154,3.06751585,0.455122471,0.03710038,0,100.80011
09/15/2022 13:44:50,1.5625,2.34375,0.78125,4.6875,2.34375,37,35,36,36,40,1310.40149,1310.40149,1310.40149,1310.40149,3.3168757,0.4406798,0.0190881714,0,100.80011
09/15/2022 13:44:51,1.5625,0.78125,2.39415169,4.6875,2.35635042,36,34,35,35,40,1310.40063,1310.40063,1310.40063,1310.40063,2.81430483,0.344233483,0.0361641273,0,100.800049
09/15/2022 13:44:52,3.125,0,0,4.6875,1.953125,37,35,36,35,40,1310.40247,1310.40247,1310.40247,1411.20264,2.78058743,0.306015,0.0226476472,0,100.800194
09/15/2022 13:44:53,3.125,1.5625,3.90625,6.25,3.7109375,35,35,35,34,40,1411.2019,1310.40173,1411.2019,1411.2019,3.22789979,0.396360278,0.031608168,0,100.800133
09/15/2022 13:44:54,0.7692337,0.7692337,2.3317337,3.076923,1.736784,36,35,35,34,40,1310.40137,1310.40137,1814.40186,3830.404,3.0206666,0.350039482,0.03116132,0,100.8001
09/15/2022 13:44:55,1.53846145,0,0,3.076923,1.15385056,35,35,35,34,40,1310.40125,1612.80151,2923.203,1713.60168,4.24471426,0.3443892,0.0353188775,0,100.800095
09/15/2022 13:44:56,1.53846145,2.30768919,1.5512228,3.076923,2.11857557,36,35,35,34,39,2923.20459,2217.60352,1512.00232,1411.20215,4.09349632,0.453660518,0.0492209978,0,100.800156
09/15/2022 13:44:57,0.78125,0,0.793647766,6.25,1.95622444,36,35,35,34,40,2016.00171,2923.20264,2217.602,1411.20129,2.69372582,0.263963163,0.0199553445,0,100.800087
09/15/2022 13:44:58,2.34375,0,1.5625,3.90625,1.953125,35,35,35,34,40,2016.002,2923.203,1814.40173,1411.20142,3.295746,0.480712533,0.0356310122,0,100.8001
09/15/2022 13:44:59,1.53846145,2.30768919,0.78125,6.17826557,2.70141363,36,35,35,36,40,1310.40173,1310.40173,1310.40173,1310.40173,3.20951915,0.3630775,0.0317715146,0,100.800133
09/15/2022 13:45:00,1.53846145,0.7692337,3.04195881,5.36165237,2.677822,34,35,36,34,40,1310.40161,1310.40161,1310.40161,1411.20166,3.65417171,0.5473518,0.04015042,0,100.800125
09/15/2022 13:45:01,0.78125,0,0.793647766,4.6875,1.56559944,35,35,36,35,40,1411.20117,1411.20117,1411.20117,1411.20117,2.740006,0.2587787,0.0250156783,0,100.800087
09/15/2022 13:45:02,4.6875,2.34375,2.34375,6.25,3.90625,36,37,36,35,40,1310.40222,1411.20239,1411.20239,1411.20239,3.0981214,0.40719974,0.0268022511,0,100.800171
09/15/2022 13:45:03,2.35652924,0.78125,0,7.71672726,2.71362662,36,37,36,35,39,1310.40088,1411.20093,1411.20093,1411.20093,3.264944,0.411655039,0.0232283734,0,100.800072
09/15/2022 13:45:04,0.78125,0.78125,0,4.6875,1.5625,35,35,35,34,40,1310.40149,1310.40149,1310.40149,1310.40149,2.89077425,0.279147178,0.0147884451,0,100.800117
09/15/2022 13:45:05,11.71875,13.28125,16.40625,12.5,13.4765625,37,38,37,36,41,1310.40186,3830.40527,3830.40527,2923.204,9.295637,4.78227,0.1028373,0,100.80014
09/15/2022 13:45:06,3.125,7.8125,5.46875,6.25,5.6640625,39,40,40,38,41,3729.60474,2923.20361,3830.40479,3830.40479,7.73659,3.64070439,0.163996816,0,100.800125
09/15/2022 13:45:07,6.25,3.90625,4.6875,1.5625,4.1015625,38,38,37,37,41,3830.404,1512.00159,1411.20154,3830.404,6.75311852,2.58680129,0.09810357,0,100.80011
09/15/2022 13:45:08,3.076923,2.30768919,0.7692337,5.384612,2.88461447,37,37,37,35,40,1411.20129,1512.00146,1411.20129,1411.20129,4.83150673,1.17203414,0.0357525,0,100.800095
09/15/2022 13:45:09,0.7692337,2.30768919,4.615384,1.53846145,2.307701,37,36,37,36,41,1310.40149,1310.40149,1310.40149,1512.00171,3.72931838,0.6387188,0.0329795964,0,100.80011
09/15/2022 13:45:10,2.34375,2.34375,6.25,5.46875,4.1015625,37,37,37,36,40,1411.20129,1310.40112,1310.40112,1310.40112,6.33131266,2.4963088,0.0313116461,0,100.800087
09/15/2022 13:45:11,3.90625,1.5625,0,3.90625,2.34375,37,37,37,35,40,1411.20142,1310.40125,1310.40125,1310.40125,3.88232231,0.8851979,0.016824469,0,100.8001
09/15/2022 13:45:12,3.076923,2.30768919,0.78125,3.076923,2.31069326,37,36,37,35,40,1310.402,1310.402,1411.20215,1310.402,4.214949,1.04727542,0.0203130078,0,100.800156
09/15/2022 13:45:13,1.5625,0.78125,0,3.90625,1.5625,36,36,36,35,40,1310.40137,1310.40137,1310.40137,1310.40137,3.02880526,0.4077016,0.0174833331,0,100.8001
09/15/2022 13:45:14,0.7692337,0,0,3.076923,0.9615421,37,37,35,34,40,1310.40137,1310.40137,1310.40137,1310.40137,3.116093,0.298966259,0.0218521524,0,100.8001
09/15/2022 13:45:15,2.30768919,1.53846145,1.5504837,0.7692337,1.54146552,37,36,35,35,40,1310.40149,1310.40149,1310.40149,1310.40149,3.56520152,0.637697458,0.011893061,0,100.800117
09/15/2022 13:45:16,0.78125,0.78125,0.78125,3.90625,1.5625,37,35,36,35,40,1310.40137,1310.40137,1310.40137,1310.40137,2.97243619,0.28919813,0.0164331011,0,100.80011
09/15/2022 13:45:17,2.35614777,0.78125,3.90625,4.699898,2.93588638,38,40,39,37,41,3729.606,3830.406,2923.20459,1713.60266,3.89157987,0.987187743,0.0271070022,0,100.800163
09/15/2022 13:45:18,5.46875,3.14980149,4.6875,7.0192337,5.08132,37,36,35,35,40,1310.40076,1310.40076,1310.40076,1310.40076,5.26779747,1.73190248,0.0294145551,0,100.800056
09/15/2022 13:45:19,5.384612,1.53846145,1.5504837,3.076923,2.88761854,35,36,35,35,41,1310.40186,1310.40186,1310.40186,1310.40186,3.62243819,0.763443053,0.0195372812,0,100.800148
09/15/2022 13:45:20,3.101325,3.125,5.432689,6.25,4.477257,35,37,36,35,40,1310.40125,1310.40125,1310.40125,1310.40125,4.441626,1.05820906,0.0121001685,0,100.800095
09/15/2022 13:45:21,1.5504837,3.076923,2.30768919,6.153846,3.27223539,37,35,36,35,40,1310.40161,1310.40161,1310.40161,1310.40161,3.015475,0.40751943,0.0158382747,0,100.800125
09/15/2022 13:45:22,2.30768919,0.7692337,0.7692337,2.30768919,1.53846741,36,36,36,36,39,1310.40137,1310.40137,1310.40137,1411.20154,2.84519124,0.300639123,0.0187637173,0,100.80011
09/15/2022 13:45:23,8.59375,2.34375,0.78125,3.93105149,3.912449,36,36,36,35,40,2923.20361,3830.40454,1512.00183,1512.00183,5.25010538,1.983313,0.0139695928,0,100.800117
09/15/2022 13:45:24,5.46875,0.78125,2.34375,2.34375,2.734375,38,37,37,38,40,3830.40527,3830.40527,3830.40527,3830.40527,5.85615063,2.21927524,0.03253786,0,100.80014
09/15/2022 13:45:25,3.90625,2.34375,2.34375,3.125,2.9296875,37,37,36,35,40,3830.40356,2318.402,2318.402,1411.20129,4.187087,1.11673594,0.01914649,0,100.800095
09/15/2022 13:45:34,6.25,7.03125,7.03125,7.03125,6.8359375,47,49,43,45,48,3830.40527,3427.20459,3830.40527,3427.20459,6.464052,2.52527952,0.197943091,0,100.80014
09/15/2022 13:45:35,17.1875,17.96875,20.3125,16.5302582,17.99975,39,38,39,37,43,1310.40149,3830.4043,3729.604,3729.604,9.064868,4.405701,0.215277061,0,100.80011
09/15/2022 13:45:41,20.4241028,21.09375,18.75,17.1875,19.3638382,41,39,40,38,44,1310.40149,1310.40149,1310.40149,1310.40149,9.475233,5.210434,0.301931024,0,100.800117
09/15/2022 13:45:42,9.976685,6.153846,3.834498,4.639423,6.151116,42,42,40,41,44,2923.20435,1612.80249,1512.00232,1612.80249,7.089905,2.680811,0.0515914522,0,100.800156
09/15/2022 13:45:43,3.125,3.125,5.46875,3.125,3.7109375,39,39,39,38,44,1310.40088,1310.40088,1310.40088,1310.40088,4.33257866,1.0011,0.0242401455,0,100.800072
09/15/2022 13:45:44,4.6875,1.5625,2.34375,4.6875,3.3203125,39,39,39,38,44,1411.20117,1310.40112,1310.40112,1310.40112,4.56198835,1.060173,0.0271776468,0,100.800087
09/15/2022 13:45:45,7.03125,4.6875,5.46875,3.90625,5.2734375,40,41,41,39,44,1713.60315,1612.803,1512.00281,1512.00281,6.57648134,2.59413052,0.0127690369,0,100.800186
09/15/2022 13:45:46,6.25,2.34375,3.13739777,3.8942337,3.90634537,40,39,39,38,44,1310.401,1310.401,1209.601,1310.401,4.91811752,1.28694117,0.0207454432,0,100.800079
09/15/2022 13:45:47,1.5625,0.78125,0.78125,3.90625,1.7578125,40,39,39,38,44,1310.40149,1310.40149,1310.40149,1310.40149,3.62484431,0.612787366,0.02096103,0,100.800117
09/15/2022 13:45:48,4.6875,0.78125,4.6875,3.125,3.3203125,41,42,41,38,44,3830.405,3830.405,3830.405,1814.40234,6.5154233,2.75414848,0.0408294462,0,100.800133
09/15/2022 13:45:49,3.90625,7.03125,5.51915169,7.8125,6.067288,39,38,39,37,43,1310.40125,1310.40125,1310.40125,1310.40125,4.568591,1.30394566,0.0355441123,0,100.800095
09/15/2022 13:45:50,11.71875,5.46875,6.20265,4.6875,7.01941252,41,42,41,41,44,3830.40527,2721.60376,2923.204,2923.204,7.34639,3.313289,0.06608832,0,100.80014
09/15/2022 13:45:51,13.28125,10.15625,10.9375,7.8125,10.546875,40,40,40,39,44,1713.60144,1512.00134,1411.20117,3830.40332,9.128429,4.722785,0.183100328,0,100.800087
09/15/2022 13:45:52,7.8125,6.25,3.125,4.6875,5.46875,40,40,41,39,44,1411.202,1713.60242,3830.40552,2923.204,5.71089458,1.936557,0.09221992,0,100.80014
09/15/2022 13:45:53,3.91864777,4.699898,2.35614777,4.699898,3.91864777,40,40,40,39,43,2016.00232,2822.403,2016.00232,1512.00171,5.360359,1.81736124,0.04678319,0,100.80011
09/15/2022 13:45:54,3.125,2.3317337,2.36855149,6.25,3.51881981,39,39,39,38,42,1310.40088,1310.40088,1310.40088,1310.40088,3.57108,0.477502942,0.030306194,0,100.800064
09/15/2022 13:45:55,5.420673,10.0961571,3.06526423,5.384612,5.991679,39,40,39,38,42,1310.40173,3830.40527,3830.40527,3830.40527,4.87458944,1.38443351,0.116469748,0,100.800133
09/15/2022 13:45:56,6.995189,6.1899066,4.66346169,3.90625,5.43870354,41,41,40,38,43,1512.00171,1411.20166,1411.20166,2923.20337,5.57271767,1.93179929,0.136884838,0,100.800117
09/15/2022 13:45:57,0.78125,2.34375,1.58730149,2.34375,1.76401138,40,39,40,38,43,1411.20178,1310.40161,1310.40161,1310.40161,4.352133,0.823348343,0.255532444,0,100.800125
09/15/2022 13:45:58,0.78125,0.78125,0,5.46875,1.7578125,39,39,38,37,43,1310.40137,1310.40137,1310.40137,1310.40137,4.049758,0.4376881,0.358378,0,100.8001
09/15/2022 13:45:59,9.230768,3.8461566,3.076923,4.615384,5.19230938,40,40,42,42,44,3830.40381,3830.40381,3830.40381,3830.40381,7.184231,2.94215226,0.464660347,0,100.8001
09/15/2022 13:46:00,4.6875,1.57489777,2.34375,0,2.151537,40,39,40,38,43,1411.20215,1512.00232,1411.20215,2116.80322,6.055596,2.28924561,0.0352785252,0,100.800156
09/15/2022 13:46:01,5.432689,3.08893919,7.8125,5.4567337,5.44771576,42,42,40,43,44,2923.20361,3830.40479,2923.20361,3830.40479,6.39336729,2.25971127,0.056808047,0,100.800125
09/15/2022 13:46:02,2.34375,2.34375,3.90625,3.125,2.9296875,40,39,40,41,44,2923.20313,1612.80176,1411.20154,1411.20154,5.72388124,1.84012485,0.0528636947,0,100.80011
09/15/2022 13:46:03,2.30768919,3.076923,0.7692337,4.615384,2.692306,39,40,39,38,43,1310.40112,1411.20129,1310.40112,1411.20129,5.370705,2.101609,0.0314122066,0,100.800087
09/15/2022 13:46:04,10.1686478,15.625,9.375,7.849705,10.7545853,45,50,43,48,50,3830.40552,3830.40552,3830.40552,3830.40552,9.422934,5.32842,0.04128495,0,100.800148
09/15/2022 13:46:11,20.20433,20.1802845,17.96875,18.64183,19.2488022,43,44,42,43,45,2923.20435,3326.40479,3830.40576,2923.20435,10.4975166,5.932337,0.327571332,0,100.800148
09/15/2022 13:46:12,7.8125,10.15625,10.15625,7.8125,8.984375,42,42,42,42,45,1411.20154,2016.0022,1512.00159,1411.20154,7.68648148,3.35720086,0.0923394,0,100.80011
09/15/2022 13:46:13,2.34375,1.5625,3.16220522,3.125,2.54836082,41,40,38,38,44,1310.40112,1310.40112,3830.40332,2923.20264,3.71680737,0.6788608,0.046695102,0,100.800087
09/15/2022 13:46:14,4.6875,4.6875,6.1899066,5.46875,5.25841141,41,41,41,41,44,2923.204,1411.202,1310.40186,1411.202,5.31743431,1.54092979,0.05624581,0,100.800148
09/15/2022 13:46:15,27.34375,29.6875,25.78125,27.1033649,27.47897,49,54,53,49,54,2419.20264,1512.00171,1612.80188,2318.40259,13.5643311,7.76753473,0.3086462,0,100.800117
09/15/2022 13:46:16,33.59375,34.375,31.25,32.03125,32.8125,51,53,51,55,55,3528.00366,3528.00366,3628.804,3225.60352,15.5167446,9.153535,0.351849616,0,100.80011
09/15/2022 13:46:17,22.7926617,28.3606167,26.9841251,25.78125,25.9796619,44,48,44,46,48,2016.0022,2217.60254,2318.40259,1612.80176,11.7149181,6.69256639,0.175783217,0,100.80011
09/15/2022 13:46:18,2.34375,5.420673,5.420673,6.27480125,4.864973,42,42,42,41,45,1310.40125,1411.20129,1310.40125,1310.40125,4.43956137,1.20755148,0.03313422,0,100.800095
09/15/2022 13:46:19,0,3.08893919,1.53846145,4.615384,2.31069326,40,39,39,39,45,1310.40161,1310.40161,1310.40161,1411.20166,3.948666,0.482277066,0.07561583,0,100.800117
09/15/2022 13:46:20,12.4399071,17.07933,12.4278841,16.322113,14.5673037,42,42,41,43,46,1411.20178,1310.40173,1411.20178,1310.40173,7.66976929,3.5565927,0.0772156939,0,100.800133
09/15/2022 13:46:21,8.59375,10.9375,5.46875,12.5,9.375,52,47,44,46,52,2217.602,3830.40356,3830.40356,3528.00317,8.660832,4.36622047,0.06162539,0,100.800095
09/15/2022 13:46:22,28.46154,23.0769215,19.9999981,16.9230766,22.11539,44,62,43,46,62,2923.20361,3830.40479,2923.20361,2923.20361,14.2838106,8.283706,0.261345923,0,100.800125
09/15/2022 13:46:23,20.7692261,24.7956753,28.46154,30.76923,26.1989174,44,43,43,44,46,2520.00317,2016.00256,1512.002,2520.00317,14.4732428,8.738225,0.272545248,0,100.800133
09/15/2022 13:46:24,33.8461533,31.5384636,37.94471,28.6899033,33.0048065,56,49,47,48,56,3830.40039,2923.2002,2923.2002,3729.60034,16.744051,10.9737663,0.206831172,0,100.800011
09/15/2022 13:46:25,35.71428,44.12202,47.2594261,51.9469261,44.7606621,48,50,49,55,55,2923.206,2923.206,2923.206,3830.408,20.5543575,14.0522738,0.166113213,0,100.800209
09/15/2022 13:46:26,38.4615364,35.384613,29.2307682,39.2307625,35.5769234,46,45,44,45,48,2318.402,3326.403,1915.20178,1713.60156,16.4125423,10.5761194,0.113675728,0,100.800095
09/15/2022 13:46:27,23.84615,17.6923027,17.6923027,19.23077,19.6153812,47,48,45,46,48,3024.00415,2923.204,2116.803,1915.20264,12.431736,7.150814,0.07449077,0,100.80014
09/15/2022 13:46:28,31.5384636,19.23077,28.46154,29.9999962,27.30769,56,51,49,53,56,3830.4043,3528.00415,2923.20337,3830.4043,16.0297184,10.1851664,0.118063353,0,100.800117
09/15/2022 13:46:29,50,52.34375,52.34375,53.125,51.953125,58,64,57,64,64,3225.60352,3528.004,3528.004,3628.804,21.2017975,14.7571707,0.107134417,0,100.80011
09/15/2022 13:46:30,67.96875,67.96875,67.96875,70.3125,68.55469,54,51,51,54,54,2822.40283,2318.40234,3528.00366,3830.40381,23.6262417,16.987072,0.1358808,0,100.8001
09/15/2022 13:46:31,33.59375,38.28125,36.71875,41.40625,37.5,50,53,51,62,60,3024.00366,2923.20337,2923.20337,3830.40454,18.43268,11.956502,0.19040826,0,100.800117
09/15/2022 13:46:32,36.15384,38.4615364,40.76923,36.9230728,38.07692,49,48,47,47,51,2016.00183,3830.40356,3830.40356,3729.60352,18.5152836,12.44985,0.177825615,0,100.800095
09/15/2022 13:46:33,20.3125,14.84375,17.1875,17.1875,17.3828125,50,54,52,53,54,3830.40576,3830.40576,3830.40576,2016.003,12.174634,7.54682636,0.0269490667,0,100.800148
09/15/2022 13:46:34,32.8125,28.125,27.34375,34.6230164,30.7260628,53,55,52,64,64,2923.20313,2923.20313,3830.404,3830.404,15.1593647,9.820039,0.0483321249,0,100.80011
09/15/2022 13:46:35,26.9230728,23.84615,25.3846169,32.8671341,27.2552376,48,47,47,46,50,2016.00159,2016.00159,2217.60181,3830.403,15.6531706,9.539086,0.1636434,0,100.800079
09/15/2022 13:46:36,16.40625,10.15625,11.71875,10.9375,12.3046875,48,48,47,46,50,1411.20142,1411.20142,3427.20337,1411.20142,7.4171524,3.08935022,0.106837548,0,100.8001
09/15/2022 13:46:37,5.46875,6.25,5.46875,7.03125,6.0546875,49,49,50,50,50,2822.4043,2923.20459,3225.605,1411.20215,5.702464,1.87602055,0.102005988,0,100.800156
09/15/2022 13:46:38,18.4615364,13.0769253,13.0769253,14.6153812,14.8076954,49,48,47,46,50,3830.4043,3830.4043,2923.20337,2116.80249,8.985685,4.841224,0.0347868055,0,100.800117
09/15/2022 13:46:39,3.8461566,3.8461566,3.08893919,6.153846,4.23377752,48,48,44,45,50,1814.4021,1310.40149,1411.20166,3830.4043,4.849226,1.44841182,0.029151028,0,100.800117
09/15/2022 13:46:40,3.858173,1.53846145,1.52680874,4.615384,2.88470387,46,46,45,45,49,1310.40125,1310.40125,1310.40125,3830.40356,4.11860132,1.033652,0.0215029567,0,100.800095
09/15/2022 13:46:41,4.6875,2.34375,0.78125,1.5625,2.34375,46,44,44,45,49,1310.40161,2923.20361,3830.40479,3830.40479,3.63474417,1.02155185,0.0153181516,0,100.800125
09/15/2022 13:46:42,6.1188817,2.30768919,3.8461566,7.657343,4.982519,46,45,44,45,49,1310.40112,2923.20264,2923.20264,3124.80273,4.720203,1.16279244,0.0337041281,0,100.800087
09/15/2022 13:46:43,11.71875,8.59375,9.461808,7.03125,9.201389,46,45,46,45,48,1310.40173,2923.20386,2923.20386,2923.20386,7.154011,3.48099661,0.0190425832,0,100.800133
09/15/2022 13:46:44,1.5625,3.125,3.89610529,3.90625,3.12246084,45,44,44,43,48,2923.203,2923.203,2016.002,1310.40125,5.597,1.89720535,0.01729733,0,100.8001
09/15/2022 13:46:45,5.36130667,8.426571,0.757575035,6.153846,5.17482758,47,55,45,50,55,3830.40625,3729.606,2016.0033,4233.607,5.778279,2.03648353,0.046912998,0,100.800163
09/15/2022 13:46:46,10.15625,2.34375,4.6875,5.46875,5.6640625,52,44,45,48,52,3830.404,3830.404,604.800659,3528.00366,6.33800173,2.49435759,0.0441874526,0,100.8001
09/15/2022 13:46:47,6.153846,4.615384,4.6274066,6.153846,5.387622,44,44,43,43,47,1310.40112,1310.40112,1310.40112,1310.40112,3.97971988,0.612622142,0.0572239421,0,100.800087
09/15/2022 13:46:48,2.30768919,3.076923,1.52680874,5.384612,3.07400823,44,44,43,44,47,1411.20166,1310.40149,1310.40149,1310.40149,3.62628913,0.6933996,0.0200924184,0,100.800117
09/15/2022 13:46:49,5.384612,2.30768919,3.076923,3.8461566,3.65384817,44,44,42,43,47,1310.40161,1310.40161,1310.40161,1411.20178,3.98203444,1.05997455,0.0229225531,0,100.800125
09/15/2022 13:46:50,3.90625,3.125,3.858173,8.59375,4.870796,44,43,42,43,46,1310.40088,1310.40088,1310.40088,1411.20093,6.395921,2.47116685,0.055516623,0,100.800064
09/15/2022 13:46:51,7.69230747,4.615384,0.7692337,3.8461566,4.23076725,44,44,43,44,46,1310.402,1512.0022,2923.20435,2923.20435,4.70080233,1.39025235,0.08351467,0,100.800148
09/15/2022 13:46:52,9.375,7.03125,7.8125,8.59375,8.203125,45,45,43,47,47,2116.80322,1411.20215,2016.003,1310.402,6.10504675,2.22207165,0.0615643077,0,100.800156
09/15/2022 13:46:53,6.262398,0.78125,2.36855149,7.03125,4.110861,44,42,42,43,46,1310.401,1310.401,3830.40283,3225.60229,4.823363,1.32687283,0.05117806,0,100.800072
09/15/2022 13:46:54,3.8461566,0,0,3.8461566,1.9230783,42,42,41,41,46,1411.20154,1310.40149,1310.40149,1310.40149,3.91450667,0.47923255,0.01755276,0,100.80011
09/15/2022 13:46:56,9.184146,8.391607,9.918415,7.657343,8.787876,45,48,44,45,48,1411.20178,1411.20178,1411.20178,1411.20178,6.579321,2.8640635,0.01190021,0,100.800133
09/15/2022 13:46:57,7.69230747,14.6153812,10.0360575,8.4615345,10.2013226,43,42,42,43,46,2016.002,2923.203,3830.40381,3830.40381,7.70713139,4.16547966,0.0116799222,0,100.8001
09/15/2022 13:46:58,4.615384,6.153846,7.59906769,7.71672726,6.52125454,42,43,41,42,46,1310.40137,4233.60449,1310.40137,1411.20154,5.138283,2.06492233,0.0302112754,0,100.80011
09/15/2022 13:46:59,2.30768919,0.7692337,1.53846145,3.8461566,2.11538076,43,40,42,42,46,1310.40137,1310.40137,1411.20154,1310.40137,3.53469872,0.739302456,0.0152519485,0,100.80011
09/15/2022 13:47:00,3.10096145,1.57489777,2.34375,4.6875,2.92677879,43,42,41,42,45,1310.40173,3830.405,2923.20386,1512.002,4.17519951,1.25532281,0.0244371966,0,100.800133
09/15/2022 13:47:01,7.8125,2.3317337,3.90625,3.90625,4.48918343,41,41,40,41,45,1310.40149,1310.40149,1310.40149,1310.40149,4.204157,1.20836091,0.02697207,0,100.800117
09/15/2022 13:47:02,3.90625,0.806450844,3.13739777,3.15020084,2.75007486,42,42,41,41,45,1411.20117,1411.20117,1310.40112,1310.40112,3.26959658,0.54534936,0.0171907563,0,100.800087
09/15/2022 13:47:03,3.05396318,1.53846145,1.53846145,3.076923,2.30195522,40,40,40,39,45,1209.60168,1310.40186,1310.40186,1310.40186,3.0036068,0.332930356,0.02080441,0,100.80014
09/15/2022 13:47:04,2.30768919,4.58042049,2.30879784,3.076923,3.068459,41,41,40,41,45,1411.20178,1310.40161,1310.40161,1411.20178,3.58062267,0.7123855,0.02108427,0,100.800125
09/15/2022 13:47:05,3.125,0,1.538825,3.91864777,2.1456182,40,40,40,40,45,1310.40125,1310.40125,1310.40125,1310.40125,3.224486,0.362193,0.00901191,0,100.800095
09/15/2022 13:47:06,10.8533621,10.9375,6.25,11.6706734,9.927881,42,41,40,42,45,1411.20178,1411.20178,2923.20361,3830.40479,9.169,4.8724227,0.0208934378,0,100.800125
09/15/2022 13:47:07,24.0384579,13.9423075,17.8125019,34.14663,22.4849758,43,43,41,44,45,1411.20154,1310.40149,1310.40149,1310.40149,14.0899229,9.22574,0.00153519784,0,100.80011
09/15/2022 13:47:08,9.230768,6.130534,6.153846,10.76923,8.07109451,42,42,41,42,45,1310.40137,1310.40137,1310.40137,1310.40137,7.01831961,3.20821857,0.0272395927,0,100.80011
09/15/2022 13:47:09,7.8125,2.35614777,2.34375,3.90625,4.104662,41,40,40,39,45,1209.60144,1310.40149,1310.40149,3024.00342,4.32045126,1.267749,0.0461452864,0,100.800117
09/15/2022 13:47:10,4.60373163,3.8461566,1.53846145,6.153846,4.03555,41,40,40,40,45,1310.40173,1310.40173,1310.40173,1310.40173,3.95900941,1.07210433,0.0176746845,0,100.800133
09/15/2022 13:47:11,1.5625,0.78125,1.5625,2.34375,1.5625,41,40,39,38,45,1310.40125,1310.40125,1310.40125,1310.40125,3.13181543,0.295744926,0.0126923863,0,100.800095
09/15/2022 13:47:12,3.8942337,1.5625,1.5625,5.46875,3.121996,40,42,39,39,45,1411.20154,1310.40149,1411.20154,1310.40149,3.471832,0.6009851,0.0193709452,0,100.800117
09/15/2022 13:47:13,0.78125,1.5625,1.5504837,3.90625,1.95012093,40,39,40,39,44,1310.40173,1310.40173,1310.40173,1310.40173,2.913358,0.3891557,0.0199644826,0,100.800133
09/15/2022 13:47:14,2.30768919,0.78125,2.30768919,6.153846,2.88761854,38,39,39,39,43,1310.40149,1310.40149,1310.40149,1310.40149,3.11136413,0.407825261,0.0228226352,0,100.80011
09/15/2022 13:47:15,6.25,3.8461566,3.125,7.8125,5.258417,40,40,40,38,44,1310.40137,1310.40137,1411.20154,1310.40137,4.16520071,0.8511537,0.0245136116,0,100.80011
09/15/2022 13:47:16,1.5625,0.78125,0.793647766,2.34375,1.370287,39,39,38,37,44,1411.20142,1411.20142,1310.40125,1310.40125,3.34198117,0.427242279,0.0158807822,0,100.800095
09/15/2022 13:47:17,2.30768919,0,3.03099751,3.076923,2.103901,39,39,39,38,43,1310.40161,1310.40161,1310.40161,1310.40161,3.474416,0.5511835,0.0165522359,0,100.800125
09/15/2022 13:47:18,5.4086566,1.53846145,2.30768919,2.30768919,2.89062858,40,40,39,38,43,1310.40137,1310.40137,1310.40137,1310.40137,3.70208621,0.757176,0.0184322149,0,100.80011
09/15/2022 13:47:19,5.44471169,3.125,1.5625,7.78846169,4.480171,39,40,39,37,43,1310.40173,1310.40173,1310.40173,1310.40173,3.814666,0.974408865,0.01845106,0,100.800125
09/15/2022 13:47:20,1.5504837,0.78125,2.30768919,3.076923,1.92909241,38,38,39,37,43,1310.40137,1310.40137,1310.40137,1310.40137,3.24707437,0.561162233,0.0143903261,0,100.8001
09/15/2022 13:47:21,0.7692337,0,0,0.7692337,0.384616852,38,38,38,37,43,1310.40161,1310.40161,1310.40161,1411.20178,2.91733932,0.220340312,0.021997869,0,100.800125
09/15/2022 13:47:22,2.34375,1.5625,2.36855149,7.0192337,3.32350731,38,39,38,37,42,1310.40137,1310.40137,1310.40137,1310.40137,4.32701445,0.9969537,0.0277686175,0,100.8001
09/15/2022 13:47:23,2.30768919,1.5625,0.757575035,3.8461566,2.11847425,37,37,39,38,42,1310.40149,1310.40149,1310.40149,1310.40149,3.06712413,0.4284608,0.0113265645,0,100.800117
09/15/2022 13:47:24,3.90625,2.31971145,3.125,3.125,3.11899185,39,38,37,37,42,1310.40173,1411.2019,1411.2019,1411.2019,2.73296881,0.319144428,0.0156490747,0,100.80014
09/15/2022 13:47:25,5.396634,1.53846145,3.87018919,3.8461566,3.66286039,39,37,37,38,42,1310.40137,1310.40137,1310.40137,1310.40137,3.39007783,0.470990926,0.014172365,0,100.80011
09/15/2022 13:47:26,1.53846145,0,0.78125,4.615384,1.733774,38,37,38,37,42,1310.40125,1310.40125,1411.20142,1209.6012,3.285694,0.428268939,0.01693719,0,100.800095
09/15/2022 13:47:27,2.34375,1.5625,1.56288147,4.6875,2.53915787,38,38,38,37,42,1310.40161,1310.40161,1310.40161,1310.40161,3.58163261,0.354795,0.0112681668,0,100.800117
09/15/2022 13:47:28,9.125876,7.69230747,2.30768919,9.172493,7.074589,43,39,39,39,44,4233.60547,2016.00256,1915.20239,1310.40161,6.06916857,2.244236,0.07694696,0,100.800125
09/15/2022 13:47:29,6.153846,6.92307949,4.615384,6.92307949,6.15385151,39,39,38,38,42,1411.20154,1310.40137,1310.40137,1512.00159,4.99559975,1.60781276,0.03004755,0,100.80011
09/15/2022 13:47:30,2.30768919,6.92307949,4.615384,4.615384,4.615384,40,38,38,37,42,1310.40137,3628.80371,1512.00159,3830.40381,4.78321171,1.67192,0.0263170339,0,100.8001
09/15/2022 13:47:31,11.71875,10.15625,14.84375,10.9375,11.9140625,41,43,41,42,43,3830.40527,3830.40527,3830.40527,1512.00208,7.791094,3.911682,0.0478272028,0,100.80014
09/15/2022 13:47:32,12.5,7.03125,5.53075075,2.34375,6.85144043,39,38,39,37,42,1310.40125,1713.60168,1915.2019,2923.203,7.2272,3.20729828,0.06183053,0,100.8001
09/15/2022 13:47:33,6.25,3.125,1.5625,2.34375,3.3203125,39,39,39,39,42,2923.203,3830.40356,3830.40356,2923.203,7.28426456,3.387592,0.0700704,0,100.800095
09/15/2022 13:47:34,5.46875,0.78125,0,1.5625,1.953125,38,38,37,37,43,1310.40161,1411.20166,1310.40161,1310.40161,4.36632872,1.31150484,0.008970871,0,100.800125
09/15/2022 13:47:35,0.7692337,0,1.53846145,1.53846145,0.9615421,39,39,37,36,42,1411.20142,1411.20142,1310.40125,1310.40125,3.175056,0.477365166,0.0134869423,0,100.800095
09/15/2022 13:47:36,2.34375,0.78125,1.5625,5.46875,2.5390625,39,38,38,37,42,2016.003,1310.402,1310.402,1310.402,3.41643,0.417627156,0.0150579335,0,100.800156
09/15/2022 13:47:37,0.7692337,1.53846145,0.7692337,3.076923,1.53846741,38,39,37,37,42,1310.40112,1310.40112,1310.40112,1310.40112,3.07120562,0.348835021,0.0187214445,0,100.800087
09/15/2022 13:47:38,1.5625,4.6875,1.5625,3.90625,2.9296875,38,38,39,37,42,1310.40186,1411.202,1411.202,1411.202,3.97674,0.7080062,0.04691054,0,100.80014
09/15/2022 13:47:39,2.34375,1.5625,0,1.5625,1.3671875,39,37,37,36,42,1310.40125,1310.40125,1310.40125,1310.40125,3.55321932,0.5950498,0.0257713087,0,100.800095
09/15/2022 13:47:40,1.5625,1.5625,2.34375,3.125,2.1484375,38,37,37,37,42,1310.40137,1310.40137,1411.20142,1411.20142,3.09326124,0.432720125,0.0163927749,0,100.8001
09/15/2022 13:47:41,3.1129837,2.34375,2.34375,4.6875,3.121996,37,37,37,36,42,1310.40137,1209.6012,1310.40137,1310.40137,3.15667129,0.3729629,0.0257508978,0,100.8001
09/15/2022 13:47:42,4.6875,5.46875,2.34375,3.90625,4.1015625,39,38,37,35,42,1310.40173,1310.40173,1209.60156,1209.60156,4.05541945,0.8546813,0.0546681881,0,100.800133
09/15/2022 13:47:43,8.59375,6.25,7.7524066,4.6875,6.82091141,40,39,39,39,42,3225.60474,3830.40552,3830.40552,2923.20435,6.407796,2.886665,0.128046632,0,100.800148
09/15/2022 13:47:44,6.25,5.56955338,3.125,5.46875,5.103326,39,38,38,42,42,2923.202,3830.40259,3830.40259,3830.40259,6.85928965,2.71470761,0.310440421,0,100.800064
09/15/2022 13:47:45,3.125,3.053975,1.5625,5.46875,3.30255628,38,38,37,37,42,1310.40088,1310.40088,1411.20093,3830.40259,6.608525,2.54185224,0.365336746,0,100.800072
09/15/2022 13:47:46,18.75,19.53125,20.20433,17.1875,18.91827,49,50,44,47,49,3830.407,3830.407,3830.407,2721.605,12.7005434,8.029151,0.122213073,0,100.800186
09/15/2022 13:47:55,11.71875,12.5,13.0769253,11.71875,12.2536068,42,40,41,42,44,3830.408,3830.408,3830.408,3528.00732,9.838574,5.23272276,0.176778272,0,100.800209
09/15/2022 13:47:56,6.25,3.90625,5.46875,2.34375,4.4921875,40,39,39,37,44,1209.60083,3830.40283,3830.40283,3830.40283,6.950479,2.73622,0.04562303,0,100.800072
09/15/2022 13:47:57,8.569712,3.125,3.90625,5.481148,5.270529,41,42,41,43,44,3830.40527,3830.40527,2923.204,1612.80225,7.896478,3.72001338,0.04814299,0,100.80014
09/15/2022 13:47:58,5.46875,3.125,3.90625,2.34375,3.7109375,39,39,40,37,44,1310.40149,1411.20166,1411.20166,1411.20166,5.28701448,1.74202311,0.0730007961,0,100.800117
09/15/2022 13:47:59,4.6875,2.34375,5.46875,1.5625,3.515625,40,39,40,39,44,1411.20142,1411.20142,1411.20142,1411.20142,7.33822966,3.376261,0.302461237,0,100.8001
